#
# There is insufficient memory for the Java Runtime Environment to continue.
# Native memory allocation (malloc) failed to allocate 32744 bytes. Error detail: ChunkPool::allocate
# Possible reasons:
#   The system is out of physical RAM or swap space
#   This process is running with CompressedOops enabled, and the Java Heap may be blocking the growth of the native heap
# Possible solutions:
#   Reduce memory load on the system
#   Increase physical memory or swap space
#   Check if swap backing store is full
#   Decrease Java heap size (-Xmx/-Xms)
#   Decrease number of Java threads
#   Decrease Java thread stack sizes (-Xss)
#   Set larger code cache with -XX:ReservedCodeCacheSize=
#   JVM is running with Unscaled Compressed Oops mode in which the Java heap is
#     placed in the first 4GB address space. The Java Heap base address is the
#     maximum limit for the native heap growth. Please use -XX:HeapBaseMinAddress
#     to set the Java Heap base and to place the Java Heap above 4GB virtual address.
# This output file may be truncated or incomplete.
#
#  Out of Memory Error (arena.cpp:79), pid=5964, tid=23772
#
# JRE version: OpenJDK Runtime Environment Temurin-17.0.17+10 (17.0.17+10) (build 17.0.17+10)
# Java VM: OpenJDK 64-Bit Server VM Temurin-17.0.17+10 (17.0.17+10, mixed mode, sharing, tiered, compressed oops, compressed class ptrs, g1 gc, windows-amd64)
# No core dump will be written. Minidumps are not enabled by default on client versions of Windows
#

---------------  S U M M A R Y ------------

Command Line: --add-opens=java.base/java.util=ALL-UNNAMED --add-opens=java.base/java.lang=ALL-UNNAMED --add-opens=java.base/java.lang.invoke=ALL-UNNAMED --add-opens=java.prefs/java.util.prefs=ALL-UNNAMED --add-opens=java.base/java.nio.charset=ALL-UNNAMED --add-opens=java.base/java.net=ALL-UNNAMED --add-opens=java.base/java.util.concurrent.atomic=ALL-UNNAMED -Xmx3G -Dfile.encoding=UTF-8 -Duser.country=RU -Duser.language=ru -Duser.variant -javaagent:C:\Users\YanFl\wrapper\dists\gradle-8.8-bin\dl7vupf4psengwqhwktix4v1\gradle-8.8\lib\agents\gradle-instrumentation-agent-8.8.jar -Xmx2048M org.gradle.launcher.daemon.bootstrap.GradleDaemon 8.8

Host: AMD Ryzen 5 5600X 6-Core Processor             , 12 cores, 15G,  Windows 10 , 64 bit Build 19041 (10.0.19041.5915)
Time: Thu Aug 27 07:01:51 2026 RTZ 3 (s 10 , 64 bit Build 19041 (10.0.19041.5915) elapsed time: 44.343750 seconds (0d 0h 0m 44s)

---------------  T H R E A D  ---------------

Current thread (0x0000000067416a60):  JavaThread "C2 CompilerThread0" daemon [_thread_in_native, id=23772, stack(0x0000000067a10000,0x0000000067b10000)]


Current CompileTask:
C2:44343 11044       4       org.gradle.internal.logging.text.AbstractLineChoppingStyledTextOutput$1::execute (9 bytes)

Stack: [0x0000000067a10000,0x0000000067b10000]
Native frames: (J=compiled Java code, j=interpreted, Vv=VM code, C=native code)
V  [jvm.dll+0x683fb9]
V  [jvm.dll+0x83a1b5]
V  [jvm.dll+0x83bc2e]
V  [jvm.dll+0x83c2b3]
V  [jvm.dll+0x248eff]
V  [jvm.dll+0xad69e]
V  [jvm.dll+0xadb3c]
V  [jvm.dll+0x11ebd5]
V  [jvm.dll+0x6ad9df]
V  [jvm.dll+0x1bc4ca]
V  [jvm.dll+0x219f10]
V  [jvm.dll+0x219200]
V  [jvm.dll+0x1a4920]
V  [jvm.dll+0x22989a]
V  [jvm.dll+0x227a4b]
V  [jvm.dll+0x7effb8]
V  [jvm.dll+0x7ea44c]
V  [jvm.dll+0x682e87]
C  [ucrtbase.dll+0x21bb2]
C  [KERNEL32.DLL+0x17374]
C  [ntdll.dll+0x4cc91]


---------------  P R O C E S S  ---------------

Threads class SMR info:
_java_thread_list=0x000000006de41530, length=173, elements={
0x0000000002f1e100, 0x0000000021b83030, 0x0000000021b83dc0, 0x0000000021b98640,
0x0000000021b9c030, 0x0000000067410080, 0x0000000067410950, 0x0000000067416a60,
0x0000000067420390, 0x000000006742d0d0, 0x0000000021b6a040, 0x00000000675e2120,
0x000000006a115860, 0x0000000068213390, 0x00000000682a8c70, 0x00000000686faa30,
0x00000000686fa010, 0x00000000686f9b00, 0x00000000686f90e0, 0x00000000686fa520,
0x00000000686f95f0, 0x000000006a149fd0, 0x000000006a1490a0, 0x000000006a150000,
0x000000006a149ac0, 0x000000006a14d270, 0x000000006a14f0d0, 0x000000006a14a4e0,
0x000000006a14faf0, 0x000000006a14c340, 0x000000006a14ebc0, 0x000000006a14f5e0,
0x000000006a14dc90, 0x000000006a14e1a0, 0x000000006a14e6b0, 0x000000006a150a20,
0x000000006a14a9f0, 0x000000006a1495b0, 0x000000006a14af00, 0x000000006a14d780,
0x000000006a14be30, 0x000000006a14b920, 0x000000006a14cd60, 0x000000006cb136f0,
0x000000006cb11380, 0x000000006cb11da0, 0x000000006cb15f70, 0x000000006cb15550,
0x000000006cb0fa30, 0x000000006cb122b0, 0x000000006cb14110, 0x000000006cb14b30,
0x000000006cb0ff40, 0x000000006cb13c00, 0x000000006cb16480, 0x000000006cb14620,
0x000000006cb127c0, 0x000000006cb12cd0, 0x000000006cb131e0, 0x000000006cb15040,
0x000000006cb15a60, 0x000000006cb0f010, 0x000000006cb11890, 0x000000006cb16990,
0x000000006cb0f520, 0x000000006cb10450, 0x000000006cb10960, 0x000000006cb10e70,
0x00000000700074f0, 0x0000000070004760, 0x00000000700019d0, 0x00000000700023f0,
0x0000000070001ee0, 0x00000000700060b0, 0x0000000070002900, 0x0000000070003830,
0x0000000070002e10, 0x0000000070003320, 0x0000000070006ad0, 0x0000000070003d40,
0x0000000070005180, 0x0000000070004250, 0x0000000070004c70, 0x0000000070005690,
0x0000000070005ba0, 0x0000000070007f10, 0x00000000700065c0, 0x0000000070008420,
0x0000000070006fe0, 0x0000000070007a00, 0x0000000070008930, 0x00000000700014c0,
0x0000000070008e40, 0x0000000070428b10, 0x000000007042ae80, 0x000000007042b390,
0x0000000070428600, 0x0000000070429f50, 0x0000000070429a40, 0x000000007042b8a0,
0x0000000070429020, 0x000000007042bdb0, 0x0000000070429530, 0x000000007042a460,
0x000000007042a970, 0x0000000070423340, 0x00000000704260d0, 0x0000000070423850,
0x00000000704265e0, 0x0000000070424270, 0x0000000070423d60, 0x0000000070424c90,
0x00000000704256b0, 0x000000007015e960, 0x000000007015da30, 0x000000007015df40,
0x000000007015d520, 0x000000007015ee70, 0x000000007015b1b0, 0x00000000701602b0,
0x000000007015aca0, 0x000000007015c0e0, 0x000000007015e450, 0x00000000701607c0,
0x00000000701611e0, 0x000000007015bbd0, 0x000000007015c5f0, 0x0000000070160cd0,
0x000000007015f380, 0x000000007015a280, 0x000000007015f890, 0x00000000701616f0,
0x0000000070161c00, 0x000000007015a790, 0x000000007015b6c0, 0x000000007015cb00,
0x000000007015d010, 0x000000006d833ba0, 0x000000006d82f9d0, 0x000000006d82f4c0,
0x000000006d832760, 0x000000006d82e080, 0x000000006d82db70, 0x000000006d82fee0,
0x000000006d833180, 0x000000006d82e590, 0x000000006d82eaa0, 0x000000006d832250,
0x000000006d833690, 0x000000006d8303f0, 0x000000006d82c730, 0x000000006d82cc40,
0x000000006d831830, 0x000000006d830900, 0x000000006d82efb0, 0x000000006d832c70,
0x000000006d82d660, 0x000000006d8340b0, 0x000000006d830e10, 0x00000000690dd6c0,
0x00000000690d7690, 0x00000000690dc280, 0x00000000690d85c0, 0x00000000690d8ad0,
0x00000000690dae40, 0x00000000690d8fe0, 0x00000000690d94f0, 0x00000000690d9a00,
0x00000000690d9f10, 0x00000000690ddbd0, 0x00000000690da930, 0x00000000690deb00,
0x00000000690db860
}

Java Threads: ( => current thread )
  0x0000000002f1e100 JavaThread "main" [_thread_blocked, id=22576, stack(0x0000000000df0000,0x0000000000ef0000)]
  0x0000000021b83030 JavaThread "Reference Handler" daemon [_thread_blocked, id=12188, stack(0x0000000021ea0000,0x0000000021fa0000)]
  0x0000000021b83dc0 JavaThread "Finalizer" daemon [_thread_blocked, id=9648, stack(0x0000000067000000,0x0000000067100000)]
  0x0000000021b98640 JavaThread "Signal Dispatcher" daemon [_thread_blocked, id=19404, stack(0x0000000067210000,0x0000000067310000)]
  0x0000000021b9c030 JavaThread "Attach Listener" daemon [_thread_blocked, id=13224, stack(0x0000000067310000,0x0000000067410000)]
  0x0000000067410080 JavaThread "Service Thread" daemon [_thread_blocked, id=6072, stack(0x0000000067810000,0x0000000067910000)]
  0x0000000067410950 JavaThread "Monitor Deflation Thread" daemon [_thread_blocked, id=15640, stack(0x0000000067910000,0x0000000067a10000)]
=>0x0000000067416a60 JavaThread "C2 CompilerThread0" daemon [_thread_in_native, id=23772, stack(0x0000000067a10000,0x0000000067b10000)]
  0x0000000067420390 JavaThread "C1 CompilerThread0" daemon [_thread_blocked, id=24824, stack(0x0000000067b10000,0x0000000067c10000)]
  0x000000006742d0d0 JavaThread "Sweeper thread" daemon [_thread_blocked, id=16404, stack(0x0000000067c10000,0x0000000067d10000)]
  0x0000000021b6a040 JavaThread "Common-Cleaner" daemon [_thread_blocked, id=304, stack(0x0000000067d10000,0x0000000067e10000)]
  0x00000000675e2120 JavaThread "Notification Thread" daemon [_thread_blocked, id=13812, stack(0x0000000067f10000,0x0000000068010000)]
  0x000000006a115860 JavaThread "Daemon health stats" [_thread_blocked, id=25884, stack(0x000000006aeb0000,0x000000006afb0000)]
  0x0000000068213390 JavaThread "Incoming local TCP Connector on port 63028" [_thread_in_native, id=22560, stack(0x0000000068910000,0x0000000068a10000)]
  0x00000000682a8c70 JavaThread "Daemon periodic checks" [_thread_blocked, id=18336, stack(0x000000006b440000,0x000000006b540000)]
  0x00000000686faa30 JavaThread "Daemon" [_thread_blocked, id=7380, stack(0x000000006b540000,0x000000006b640000)]
  0x00000000686fa010 JavaThread "Handler for socket connection from /127.0.0.1:63028 to /127.0.0.1:63030" [_thread_in_native, id=17552, stack(0x000000006b640000,0x000000006b740000)]
  0x00000000686f9b00 JavaThread "Cancel handler" [_thread_blocked, id=16656, stack(0x000000006b740000,0x000000006b840000)]
  0x00000000686f90e0 JavaThread "Daemon worker" [_thread_blocked, id=15996, stack(0x000000006b840000,0x000000006b940000)]
  0x00000000686fa520 JavaThread "Asynchronous log dispatcher for DefaultDaemonConnection: socket connection from /127.0.0.1:63028 to /127.0.0.1:63030" [_thread_blocked, id=3012, stack(0x000000006b940000,0x000000006ba40000)]
  0x00000000686f95f0 JavaThread "Stdin handler" [_thread_blocked, id=18324, stack(0x000000006ba40000,0x000000006bb40000)]
  0x000000006a149fd0 JavaThread "Daemon client event forwarder" [_thread_blocked, id=23696, stack(0x000000006bb40000,0x000000006bc40000)]
  0x000000006a1490a0 JavaThread "Cache worker for journal cache (C:\Users\YanFl\caches\journal-1)" [_thread_blocked, id=19080, stack(0x000000006bc40000,0x000000006bd40000)]
  0x000000006a150000 JavaThread "File lock request listener" [_thread_in_native, id=10700, stack(0x000000006bd40000,0x000000006be40000)]
  0x000000006a149ac0 JavaThread "Cache worker for file hash cache (C:\Users\YanFl\caches\8.8\fileHashes)" [_thread_blocked, id=20020, stack(0x000000006c0a0000,0x000000006c1a0000)]
  0x000000006a14d270 JavaThread "Cache worker for file hash cache (D:\projectbabylonweapons\.gradle\8.8\fileHashes)" [_thread_blocked, id=6972, stack(0x000000006e3a0000,0x000000006e4a0000)]
  0x000000006a14f0d0 JavaThread "File watcher server" daemon [_thread_in_native, id=3376, stack(0x000000006e4a0000,0x000000006e5a0000)]
  0x000000006a14a4e0 JavaThread "File watcher consumer" daemon [_thread_blocked, id=18544, stack(0x000000006e5a0000,0x000000006e6a0000)]
  0x000000006a14faf0 JavaThread "Cache worker for checksums cache (D:\projectbabylonweapons\.gradle\8.8\checksums)" [_thread_blocked, id=25632, stack(0x0000000067e10000,0x0000000067f10000)]
  0x000000006a14c340 JavaThread "Cache worker for file content cache (C:\Users\YanFl\caches\8.8\fileContent)" [_thread_blocked, id=19012, stack(0x000000006e8a0000,0x000000006e9a0000)]
  0x000000006a14ebc0 JavaThread "Cache worker for cache directory md-rule (C:\Users\YanFl\caches\8.8\md-rule)" [_thread_blocked, id=24624, stack(0x000000006eaa0000,0x000000006eba0000)]
  0x000000006a14f5e0 JavaThread "Cache worker for cache directory md-supplier (C:\Users\YanFl\caches\8.8\md-supplier)" [_thread_blocked, id=20756, stack(0x000000006eca0000,0x000000006eda0000)]
  0x000000006a14dc90 JavaThread "jar transforms" [_thread_blocked, id=1728, stack(0x000000006eea0000,0x000000006efa0000)]
  0x000000006a14e1a0 JavaThread "jar transforms Thread 2" [_thread_blocked, id=21404, stack(0x000000006f0a0000,0x000000006f1a0000)]
  0x000000006a14e6b0 JavaThread "jar transforms Thread 3" [_thread_blocked, id=16132, stack(0x0000000070170000,0x0000000070270000)]
  0x000000006a150a20 JavaThread "Unconstrained build operations" [_thread_blocked, id=16788, stack(0x0000000071240000,0x0000000071340000)]
  0x000000006a14a9f0 JavaThread "Unconstrained build operations Thread 2" [_thread_blocked, id=4308, stack(0x0000000071340000,0x0000000071440000)]
  0x000000006a1495b0 JavaThread "Unconstrained build operations Thread 3" [_thread_blocked, id=16016, stack(0x0000000071440000,0x0000000071540000)]
  0x000000006a14af00 JavaThread "Unconstrained build operations Thread 4" [_thread_blocked, id=11320, stack(0x0000000071540000,0x0000000071640000)]
  0x000000006a14d780 JavaThread "Unconstrained build operations Thread 5" [_thread_blocked, id=16676, stack(0x0000000071640000,0x0000000071740000)]
  0x000000006a14be30 JavaThread "Unconstrained build operations Thread 6" [_thread_blocked, id=1876, stack(0x0000000071740000,0x0000000071840000)]
  0x000000006a14b920 JavaThread "Unconstrained build operations Thread 7" [_thread_blocked, id=24916, stack(0x0000000071840000,0x0000000071940000)]
  0x000000006a14cd60 JavaThread "Unconstrained build operations Thread 8" [_thread_blocked, id=9552, stack(0x0000000071940000,0x0000000071a40000)]
  0x000000006cb136f0 JavaThread "Unconstrained build operations Thread 9" [_thread_blocked, id=26160, stack(0x0000000071a40000,0x0000000071b40000)]
  0x000000006cb11380 JavaThread "Unconstrained build operations Thread 10" [_thread_blocked, id=20960, stack(0x0000000071b40000,0x0000000071c40000)]
  0x000000006cb11da0 JavaThread "Unconstrained build operations Thread 11" [_thread_blocked, id=4572, stack(0x0000000071c40000,0x0000000071d40000)]
  0x000000006cb15f70 JavaThread "Unconstrained build operations Thread 12" [_thread_blocked, id=4432, stack(0x0000000071d40000,0x0000000071e40000)]
  0x000000006cb15550 JavaThread "Unconstrained build operations Thread 13" [_thread_blocked, id=21804, stack(0x0000000071e40000,0x0000000071f40000)]
  0x000000006cb0fa30 JavaThread "Unconstrained build operations Thread 14" [_thread_blocked, id=22536, stack(0x0000000071f40000,0x0000000072040000)]
  0x000000006cb122b0 JavaThread "Unconstrained build operations Thread 15" [_thread_blocked, id=24680, stack(0x0000000072040000,0x0000000072140000)]
  0x000000006cb14110 JavaThread "Unconstrained build operations Thread 16" [_thread_blocked, id=2948, stack(0x0000000072140000,0x0000000072240000)]
  0x000000006cb14b30 JavaThread "Unconstrained build operations Thread 17" [_thread_blocked, id=2644, stack(0x0000000072240000,0x0000000072340000)]
  0x000000006cb0ff40 JavaThread "Unconstrained build operations Thread 18" [_thread_blocked, id=26440, stack(0x0000000072340000,0x0000000072440000)]
  0x000000006cb13c00 JavaThread "Unconstrained build operations Thread 19" [_thread_blocked, id=22904, stack(0x0000000072440000,0x0000000072540000)]
  0x000000006cb16480 JavaThread "Unconstrained build operations Thread 20" [_thread_blocked, id=21900, stack(0x0000000072540000,0x0000000072640000)]
  0x000000006cb14620 JavaThread "jar transforms Thread 4" [_thread_blocked, id=18600, stack(0x0000000072640000,0x0000000072740000)]
  0x000000006cb127c0 JavaThread "jar transforms Thread 5" [_thread_blocked, id=7496, stack(0x0000000072740000,0x0000000072840000)]
  0x000000006cb12cd0 JavaThread "Unconstrained build operations Thread 21" [_thread_blocked, id=2988, stack(0x0000000072840000,0x0000000072940000)]
  0x000000006cb131e0 JavaThread "Unconstrained build operations Thread 22" [_thread_blocked, id=24588, stack(0x0000000072940000,0x0000000072a40000)]
  0x000000006cb15040 JavaThread "Unconstrained build operations Thread 23" [_thread_blocked, id=26136, stack(0x0000000072a40000,0x0000000072b40000)]
  0x000000006cb15a60 JavaThread "Unconstrained build operations Thread 24" [_thread_blocked, id=7428, stack(0x0000000072b40000,0x0000000072c40000)]
  0x000000006cb0f010 JavaThread "Unconstrained build operations Thread 25" [_thread_blocked, id=25004, stack(0x0000000072c40000,0x0000000072d40000)]
  0x000000006cb11890 JavaThread "Unconstrained build operations Thread 26" [_thread_blocked, id=8556, stack(0x0000000072d40000,0x0000000072e40000)]
  0x000000006cb16990 JavaThread "Unconstrained build operations Thread 27" [_thread_blocked, id=23312, stack(0x0000000072e40000,0x0000000072f40000)]
  0x000000006cb0f520 JavaThread "Unconstrained build operations Thread 28" [_thread_blocked, id=11144, stack(0x0000000072f40000,0x0000000073040000)]
  0x000000006cb10450 JavaThread "Unconstrained build operations Thread 29" [_thread_blocked, id=1240, stack(0x0000000073040000,0x0000000073140000)]
  0x000000006cb10960 JavaThread "Unconstrained build operations Thread 30" [_thread_blocked, id=9848, stack(0x0000000073140000,0x0000000073240000)]
  0x000000006cb10e70 JavaThread "jar transforms Thread 6" [_thread_blocked, id=13604, stack(0x0000000073240000,0x0000000073340000)]
  0x00000000700074f0 JavaThread "jar transforms Thread 7" [_thread_blocked, id=2288, stack(0x0000000073340000,0x0000000073440000)]
  0x0000000070004760 JavaThread "Unconstrained build operations Thread 31" [_thread_blocked, id=18104, stack(0x00000000739a0000,0x0000000073aa0000)]
  0x00000000700019d0 JavaThread "Unconstrained build operations Thread 32" [_thread_blocked, id=20464, stack(0x0000000073aa0000,0x0000000073ba0000)]
  0x00000000700023f0 JavaThread "Unconstrained build operations Thread 33" [_thread_blocked, id=22928, stack(0x0000000073690000,0x0000000073790000)]
  0x0000000070001ee0 JavaThread "Unconstrained build operations Thread 34" [_thread_blocked, id=16952, stack(0x0000000073790000,0x0000000073890000)]
  0x00000000700060b0 JavaThread "Unconstrained build operations Thread 35" [_thread_blocked, id=17428, stack(0x0000000073890000,0x0000000073990000)]
  0x0000000070002900 JavaThread "Unconstrained build operations Thread 36" [_thread_blocked, id=13404, stack(0x0000000073440000,0x0000000073540000)]
  0x0000000070003830 JavaThread "jar transforms Thread 8" [_thread_blocked, id=26248, stack(0x0000000073540000,0x0000000073640000)]
  0x0000000070002e10 JavaThread "Cache worker for Build Output Cleanup Cache (D:\projectbabylonweapons\.gradle\buildOutputCleanup)" [_thread_blocked, id=17776, stack(0x0000000073e30000,0x0000000073f30000)]
  0x0000000070003320 JavaThread "jar transforms Thread 9" [_thread_blocked, id=13316, stack(0x0000000073ba0000,0x0000000073ca0000)]
  0x0000000070006ad0 JavaThread "Unconstrained build operations Thread 37" [_thread_blocked, id=24772, stack(0x0000000074090000,0x0000000074190000)]
  0x0000000070003d40 JavaThread "Unconstrained build operations Thread 38" [_thread_blocked, id=8132, stack(0x0000000074190000,0x0000000074290000)]
  0x0000000070005180 JavaThread "Unconstrained build operations Thread 39" [_thread_blocked, id=2756, stack(0x0000000074290000,0x0000000074390000)]
  0x0000000070004250 JavaThread "Unconstrained build operations Thread 40" [_thread_blocked, id=2732, stack(0x0000000074390000,0x0000000074490000)]
  0x0000000070004c70 JavaThread "Unconstrained build operations Thread 41" [_thread_blocked, id=23480, stack(0x0000000074490000,0x0000000074590000)]
  0x0000000070005690 JavaThread "Unconstrained build operations Thread 42" [_thread_blocked, id=26316, stack(0x0000000074590000,0x0000000074690000)]
  0x0000000070005ba0 JavaThread "Unconstrained build operations Thread 43" [_thread_blocked, id=17064, stack(0x0000000074690000,0x0000000074790000)]
  0x0000000070007f10 JavaThread "Unconstrained build operations Thread 44" [_thread_blocked, id=20956, stack(0x0000000074790000,0x0000000074890000)]
  0x00000000700065c0 JavaThread "Unconstrained build operations Thread 45" [_thread_blocked, id=4684, stack(0x0000000074890000,0x0000000074990000)]
  0x0000000070008420 JavaThread "Unconstrained build operations Thread 46" [_thread_blocked, id=12660, stack(0x0000000074990000,0x0000000074a90000)]
  0x0000000070006fe0 JavaThread "Unconstrained build operations Thread 47" [_thread_blocked, id=20772, stack(0x0000000074a90000,0x0000000074b90000)]
  0x0000000070007a00 JavaThread "Unconstrained build operations Thread 48" [_thread_blocked, id=9944, stack(0x0000000073ca0000,0x0000000073da0000)]
  0x0000000070008930 JavaThread "Unconstrained build operations Thread 49" [_thread_blocked, id=14948, stack(0x0000000073f30000,0x0000000074030000)]
  0x00000000700014c0 JavaThread "Unconstrained build operations Thread 50" [_thread_blocked, id=24012, stack(0x0000000074b90000,0x0000000074c90000)]
  0x0000000070008e40 JavaThread "Unconstrained build operations Thread 51" [_thread_blocked, id=26612, stack(0x0000000074c90000,0x0000000074d90000)]
  0x0000000070428b10 JavaThread "Unconstrained build operations Thread 52" [_thread_blocked, id=9308, stack(0x0000000074d90000,0x0000000074e90000)]
  0x000000007042ae80 JavaThread "Unconstrained build operations Thread 53" [_thread_blocked, id=2416, stack(0x0000000074e90000,0x0000000074f90000)]
  0x000000007042b390 JavaThread "Unconstrained build operations Thread 54" [_thread_blocked, id=22164, stack(0x0000000074f90000,0x0000000075090000)]
  0x0000000070428600 JavaThread "Unconstrained build operations Thread 55" [_thread_blocked, id=15516, stack(0x0000000075090000,0x0000000075190000)]
  0x0000000070429f50 JavaThread "Unconstrained build operations Thread 56" [_thread_blocked, id=22532, stack(0x0000000075190000,0x0000000075290000)]
  0x0000000070429a40 JavaThread "Unconstrained build operations Thread 57" [_thread_blocked, id=23736, stack(0x0000000075290000,0x0000000075390000)]
  0x000000007042b8a0 JavaThread "Unconstrained build operations Thread 58" [_thread_blocked, id=10824, stack(0x0000000075390000,0x0000000075490000)]
  0x0000000070429020 JavaThread "Unconstrained build operations Thread 59" [_thread_blocked, id=12844, stack(0x0000000075490000,0x0000000075590000)]
  0x000000007042bdb0 JavaThread "Unconstrained build operations Thread 60" [_thread_blocked, id=5820, stack(0x0000000075590000,0x0000000075690000)]
  0x0000000070429530 JavaThread "Unconstrained build operations Thread 61" [_thread_blocked, id=512, stack(0x0000000075690000,0x0000000075790000)]
  0x000000007042a460 JavaThread "Unconstrained build operations Thread 62" [_thread_blocked, id=17340, stack(0x0000000075790000,0x0000000075890000)]
  0x000000007042a970 JavaThread "Unconstrained build operations Thread 63" [_thread_blocked, id=13656, stack(0x0000000075890000,0x0000000075990000)]
  0x0000000070423340 JavaThread "Unconstrained build operations Thread 64" [_thread_blocked, id=14512, stack(0x0000000075990000,0x0000000075a90000)]
  0x00000000704260d0 JavaThread "Unconstrained build operations Thread 65" [_thread_blocked, id=17364, stack(0x0000000075a90000,0x0000000075b90000)]
  0x0000000070423850 JavaThread "Unconstrained build operations Thread 66" [_thread_blocked, id=26124, stack(0x0000000075b90000,0x0000000075c90000)]
  0x00000000704265e0 JavaThread "Unconstrained build operations Thread 67" [_thread_blocked, id=11088, stack(0x0000000075c90000,0x0000000075d90000)]
  0x0000000070424270 JavaThread "Unconstrained build operations Thread 68" [_thread_blocked, id=25312, stack(0x0000000075d90000,0x0000000075e90000)]
  0x0000000070423d60 JavaThread "Unconstrained build operations Thread 69" [_thread_blocked, id=23616, stack(0x0000000075e90000,0x0000000075f90000)]
  0x0000000070424c90 JavaThread "Memory manager" [_thread_blocked, id=6356, stack(0x0000000075f90000,0x0000000076090000)]
  0x00000000704256b0 JavaThread "jar transforms Thread 10" [_thread_blocked, id=5436, stack(0x0000000076190000,0x0000000076290000)]
  0x000000007015e960 JavaThread "Unconstrained build operations Thread 70" [_thread_blocked, id=22464, stack(0x0000000076580000,0x0000000076680000)]
  0x000000007015da30 JavaThread "Unconstrained build operations Thread 71" [_thread_blocked, id=19288, stack(0x0000000076680000,0x0000000076780000)]
  0x000000007015df40 JavaThread "Unconstrained build operations Thread 72" [_thread_blocked, id=10272, stack(0x0000000076780000,0x0000000076880000)]
  0x000000007015d520 JavaThread "Unconstrained build operations Thread 73" [_thread_blocked, id=2588, stack(0x0000000076880000,0x0000000076980000)]
  0x000000007015ee70 JavaThread "Unconstrained build operations Thread 74" [_thread_blocked, id=17832, stack(0x0000000076980000,0x0000000076a80000)]
  0x000000007015b1b0 JavaThread "Unconstrained build operations Thread 75" [_thread_blocked, id=7876, stack(0x0000000076a80000,0x0000000076b80000)]
  0x00000000701602b0 JavaThread "Unconstrained build operations Thread 76" [_thread_blocked, id=6532, stack(0x0000000076b80000,0x0000000076c80000)]
  0x000000007015aca0 JavaThread "Unconstrained build operations Thread 77" [_thread_blocked, id=24508, stack(0x0000000077d20000,0x0000000077e20000)]
  0x000000007015c0e0 JavaThread "Unconstrained build operations Thread 78" [_thread_blocked, id=18920, stack(0x0000000076090000,0x0000000076190000)]
  0x000000007015e450 JavaThread "Unconstrained build operations Thread 79" [_thread_blocked, id=21916, stack(0x0000000076290000,0x0000000076390000)]
  0x00000000701607c0 JavaThread "Unconstrained build operations Thread 80" [_thread_blocked, id=17520, stack(0x0000000076390000,0x0000000076490000)]
  0x00000000701611e0 JavaThread "Unconstrained build operations Thread 81" [_thread_blocked, id=16924, stack(0x0000000079430000,0x0000000079530000)]
  0x000000007015bbd0 JavaThread "Unconstrained build operations Thread 82" [_thread_blocked, id=9532, stack(0x0000000079530000,0x0000000079630000)]
  0x000000007015c5f0 JavaThread "Unconstrained build operations Thread 83" [_thread_blocked, id=14076, stack(0x0000000079630000,0x0000000079730000)]
  0x0000000070160cd0 JavaThread "Unconstrained build operations Thread 84" [_thread_blocked, id=23872, stack(0x0000000079730000,0x0000000079830000)]
  0x000000007015f380 JavaThread "Unconstrained build operations Thread 85" [_thread_blocked, id=1328, stack(0x0000000079830000,0x0000000079930000)]
  0x000000007015a280 JavaThread "Unconstrained build operations Thread 86" [_thread_blocked, id=21508, stack(0x0000000079930000,0x0000000079a30000)]
  0x000000007015f890 JavaThread "Unconstrained build operations Thread 87" [_thread_blocked, id=2852, stack(0x0000000079a30000,0x0000000079b30000)]
  0x00000000701616f0 JavaThread "Unconstrained build operations Thread 88" [_thread_blocked, id=7108, stack(0x0000000079b30000,0x0000000079c30000)]
  0x0000000070161c00 JavaThread "ForkJoinPool.commonPool-worker-1" daemon [_thread_blocked, id=21112, stack(0x000000007b330000,0x000000007b430000)]
  0x000000007015a790 JavaThread "ForkJoinPool.commonPool-worker-2" daemon [_thread_blocked, id=20724, stack(0x000000007b430000,0x000000007b530000)]
  0x000000007015b6c0 JavaThread "ForkJoinPool.commonPool-worker-3" daemon [_thread_blocked, id=7452, stack(0x000000007b530000,0x000000007b630000)]
  0x000000007015cb00 JavaThread "ForkJoinPool.commonPool-worker-5" daemon [_thread_blocked, id=7864, stack(0x000000007b630000,0x000000007b730000)]
  0x000000007015d010 JavaThread "ForkJoinPool.commonPool-worker-4" daemon [_thread_blocked, id=10972, stack(0x000000007b730000,0x000000007b830000)]
  0x000000006d833ba0 JavaThread "ForkJoinPool.commonPool-worker-6" daemon [_thread_blocked, id=10664, stack(0x000000007b830000,0x000000007b930000)]
  0x000000006d82f9d0 JavaThread "ForkJoinPool.commonPool-worker-7" daemon [_thread_blocked, id=16120, stack(0x000000007b930000,0x000000007ba30000)]
  0x000000006d82f4c0 JavaThread "ForkJoinPool.commonPool-worker-8" daemon [_thread_blocked, id=10788, stack(0x000000007ba30000,0x000000007bb30000)]
  0x000000006d832760 JavaThread "ForkJoinPool.commonPool-worker-9" daemon [_thread_blocked, id=16064, stack(0x000000007bb30000,0x000000007bc30000)]
  0x000000006d82e080 JavaThread "ForkJoinPool.commonPool-worker-11" daemon [_thread_blocked, id=24448, stack(0x000000007bc30000,0x000000007bd30000)]
  0x000000006d82db70 JavaThread "ForkJoinPool.commonPool-worker-10" daemon [_thread_blocked, id=15296, stack(0x000000007bd30000,0x000000007be30000)]
  0x000000006d82fee0 JavaThread "Exec process" daemon [_thread_in_native, id=10468, stack(0x000000007be30000,0x000000007bf30000)]
  0x000000006d833180 JavaThread "Exec process Thread 2" daemon [_thread_in_native, id=20996, stack(0x000000007bf30000,0x000000007c030000)]
  0x000000006d82e590 JavaThread "Exec process Thread 3" daemon [_thread_in_native, id=18564, stack(0x000000007c030000,0x000000007c130000)]
  0x000000006d82eaa0 JavaThread "included builds" [_thread_blocked, id=13940, stack(0x000000007c130000,0x000000007c230000)]
  0x000000006d832250 JavaThread "Execution worker" [_thread_blocked, id=26132, stack(0x000000007c230000,0x000000007c330000)]
  0x000000006d833690 JavaThread "Execution worker Thread 2" [_thread_blocked, id=11716, stack(0x000000007c330000,0x000000007c430000)]
  0x000000006d8303f0 JavaThread "Execution worker Thread 3" [_thread_blocked, id=18072, stack(0x000000007c430000,0x000000007c530000)]
  0x000000006d82c730 JavaThread "Execution worker Thread 4" [_thread_blocked, id=13920, stack(0x000000007c530000,0x000000007c630000)]
  0x000000006d82cc40 JavaThread "Execution worker Thread 5" [_thread_blocked, id=7480, stack(0x000000007c630000,0x000000007c730000)]
  0x000000006d831830 JavaThread "Execution worker Thread 6" [_thread_blocked, id=25472, stack(0x000000007c730000,0x000000007c830000)]
  0x000000006d830900 JavaThread "Execution worker Thread 7" [_thread_blocked, id=12760, stack(0x000000007c830000,0x000000007c930000)]
  0x000000006d82efb0 JavaThread "Execution worker Thread 8" [_thread_blocked, id=7844, stack(0x000000007c930000,0x000000007ca30000)]
  0x000000006d832c70 JavaThread "Execution worker Thread 9" [_thread_blocked, id=5504, stack(0x000000007ca30000,0x000000007cb30000)]
  0x000000006d82d660 JavaThread "Execution worker Thread 10" [_thread_blocked, id=8060, stack(0x000000007cb30000,0x000000007cc30000)]
  0x000000006d8340b0 JavaThread "Execution worker Thread 11" [_thread_blocked, id=23764, stack(0x000000007cc30000,0x000000007cd30000)]
  0x000000006d830e10 JavaThread "Cache worker for execution history cache (D:\projectbabylonweapons\.gradle\8.8\executionHistory)" [_thread_blocked, id=12220, stack(0x000000007cd30000,0x000000007ce30000)]
  0x00000000690dd6c0 JavaThread "Unconstrained build operations Thread 89" [_thread_blocked, id=23088, stack(0x000000006efa0000,0x000000006f0a0000)]
  0x00000000690d7690 JavaThread "Unconstrained build operations Thread 90" [_thread_blocked, id=23472, stack(0x0000000079c30000,0x0000000079d30000)]
  0x00000000690dc280 JavaThread "Unconstrained build operations Thread 91" [_thread_blocked, id=13924, stack(0x000000007ec90000,0x000000007ed90000)]
  0x00000000690d85c0 JavaThread "Unconstrained build operations Thread 92" [_thread_blocked, id=21708, stack(0x000000007ed90000,0x000000007ee90000)]
  0x00000000690d8ad0 JavaThread "Unconstrained build operations Thread 93" [_thread_blocked, id=12640, stack(0x000000007ee90000,0x000000007ef90000)]
  0x00000000690dae40 JavaThread "Unconstrained build operations Thread 94" [_thread_blocked, id=26428, stack(0x000000007ef90000,0x000000007f090000)]
  0x00000000690d8fe0 JavaThread "Unconstrained build operations Thread 95" [_thread_blocked, id=23576, stack(0x000000007f090000,0x000000007f190000)]
  0x00000000690d94f0 JavaThread "Unconstrained build operations Thread 96" [_thread_blocked, id=10956, stack(0x000000007f190000,0x000000007f290000)]
  0x00000000690d9a00 JavaThread "Unconstrained build operations Thread 97" [_thread_blocked, id=2100, stack(0x000000007f290000,0x000000007f390000)]
  0x00000000690d9f10 JavaThread "Unconstrained build operations Thread 98" [_thread_blocked, id=24204, stack(0x000000007f390000,0x000000007f490000)]
  0x00000000690ddbd0 JavaThread "Unconstrained build operations Thread 99" [_thread_blocked, id=10628, stack(0x000000007f490000,0x000000007f590000)]
  0x00000000690da930 JavaThread "Unconstrained build operations Thread 100" [_thread_blocked, id=9508, stack(0x000000007fb80000,0x000000007fc80000)]
  0x00000000690deb00 JavaThread "Unconstrained build operations Thread 101" [_thread_blocked, id=19680, stack(0x000000007fc80000,0x000000007fd80000)]
  0x00000000690db860 JavaThread "Unconstrained build operations Thread 102" [_thread_blocked, id=12528, stack(0x000000007fd80000,0x000000007fe80000)]

Other Threads:
  0x0000000021b7b680 VMThread "VM Thread" [stack: 0x0000000021da0000,0x0000000021ea0000] [id=12908]
  0x0000000002f1efd0 WatcherThread [stack: 0x0000000068010000,0x0000000068110000] [id=19428]
  0x0000000002f7b750 GCTaskThread "GC Thread#0" [stack: 0x000000001ebf0000,0x000000001ecf0000] [id=16148]
  0x0000000068ccf710 GCTaskThread "GC Thread#1" [stack: 0x00000000699e0000,0x0000000069ae0000] [id=9456]
  0x0000000068459070 GCTaskThread "GC Thread#2" [stack: 0x0000000069ae0000,0x0000000069be0000] [id=5548]
  0x0000000068459330 GCTaskThread "GC Thread#3" [stack: 0x0000000069be0000,0x0000000069ce0000] [id=11796]
  0x00000000691303b0 GCTaskThread "GC Thread#4" [stack: 0x0000000069ce0000,0x0000000069de0000] [id=7532]
  0x0000000069130670 GCTaskThread "GC Thread#5" [stack: 0x0000000069de0000,0x0000000069ee0000] [id=21552]
  0x000000006a8b7500 GCTaskThread "GC Thread#6" [stack: 0x000000006be40000,0x000000006bf40000] [id=22736]
  0x000000006a5d8a10 GCTaskThread "GC Thread#7" [stack: 0x000000006bf40000,0x000000006c040000] [id=17616]
  0x000000006accd030 GCTaskThread "GC Thread#8" [stack: 0x000000006c1a0000,0x000000006c2a0000] [id=9388]
  0x000000006c6ae340 GCTaskThread "GC Thread#9" [stack: 0x000000006e2a0000,0x000000006e3a0000] [id=5740]
  0x0000000002f8c5b0 ConcurrentGCThread "G1 Main Marker" [stack: 0x000000001ecf0000,0x000000001edf0000] [id=6564]
  0x0000000002f8d680 ConcurrentGCThread "G1 Conc#0" [stack: 0x000000001edf0000,0x000000001eef0000] [id=9072]
  0x000000006c6aeb80 ConcurrentGCThread "G1 Conc#1" [stack: 0x000000006e6a0000,0x000000006e7a0000] [id=20552]
  0x000000006c6ae600 ConcurrentGCThread "G1 Conc#2" [stack: 0x000000006e7a0000,0x000000006e8a0000] [id=4972]
  0x0000000002fde2a0 ConcurrentGCThread "G1 Refine#0" [stack: 0x0000000021ba0000,0x0000000021ca0000] [id=16388]
  0x000000006a6a4700 ConcurrentGCThread "G1 Refine#1" [stack: 0x000000006eda0000,0x000000006eea0000] [id=25560]
  0x0000000002fdebe0 ConcurrentGCThread "G1 Service" [stack: 0x0000000021ca0000,0x0000000021da0000] [id=5196]

Threads with active compile tasks:
C2 CompilerThread0  44370 11044       4       org.gradle.internal.logging.text.AbstractLineChoppingStyledTextOutput$1::execute (9 bytes)

VM state: not at safepoint (normal execution)

VM Mutex/Monitor currently owned by a thread: None

Heap address: 0x0000000080000000, size: 2048 MB, Compressed Oops mode: 32-bit

CDS archive(s) mapped at: [0x0000000022000000-0x0000000022bb0000-0x0000000022bb0000), size 12255232, SharedBaseAddress: 0x0000000022000000, ArchiveRelocationMode: 1.
Compressed class space mapped at: 0x0000000023000000-0x0000000063000000, reserved size: 1073741824
Narrow klass base: 0x0000000022000000, Narrow klass shift: 0, Narrow klass range: 0x100000000

GC Precious Log:
 CPUs: 12 total, 12 available
 Memory: 16309M
 Large Page Support: Disabled
 NUMA Support: Disabled
 Compressed Oops: Enabled (32-bit)
 Heap Region Size: 1M
 Heap Min Capacity: 8M
 Heap Initial Capacity: 256M
 Heap Max Capacity: 2G
 Pre-touch: Disabled
 Parallel Workers: 10
 Concurrent Workers: 3
 Concurrent Refinement Workers: 10
 Periodic GC: Disabled

Heap:
 garbage-first heap   total 352256K, used 155078K [0x0000000080000000, 0x0000000100000000)
  region size 1024K, 28 young (28672K), 8 survivors (8192K)
 Metaspace       used 71343K, committed 72064K, reserved 1114112K
  class space    used 9971K, committed 10304K, reserved 1048576K

Heap Regions: E=young(eden), S=young(survivor), O=old, HS=humongous(starts), HC=humongous(continues), CS=collection set, F=free, OA=open archive, CA=closed archive, TAMS=top-at-mark-start (previous, next)
|   0|0x0000000080000000, 0x0000000080100000, 0x0000000080100000|100%|HS|  |TAMS 0x0000000080100000, 0x0000000080000000| Complete 
|   1|0x0000000080100000, 0x0000000080200000, 0x0000000080200000|100%|HC|  |TAMS 0x0000000080200000, 0x0000000080100000| Complete 
|   2|0x0000000080200000, 0x0000000080300000, 0x0000000080300000|100%|HC|  |TAMS 0x0000000080300000, 0x0000000080200000| Complete 
|   3|0x0000000080300000, 0x0000000080400000, 0x0000000080400000|100%|HC|  |TAMS 0x0000000080400000, 0x0000000080300000| Complete 
|   4|0x0000000080400000, 0x0000000080500000, 0x0000000080500000|100%| O|  |TAMS 0x0000000080500000, 0x0000000080400000| Untracked 
|   5|0x0000000080500000, 0x0000000080600000, 0x0000000080600000|100%| O|  |TAMS 0x0000000080600000, 0x0000000080500000| Untracked 
|   6|0x0000000080600000, 0x0000000080700000, 0x0000000080700000|100%| O|  |TAMS 0x0000000080700000, 0x0000000080600000| Untracked 
|   7|0x0000000080700000, 0x0000000080800000, 0x0000000080800000|100%| O|  |TAMS 0x0000000080800000, 0x0000000080700000| Untracked 
|   8|0x0000000080800000, 0x0000000080900000, 0x0000000080900000|100%| O|  |TAMS 0x0000000080900000, 0x0000000080800000| Untracked 
|   9|0x0000000080900000, 0x0000000080a00000, 0x0000000080a00000|100%| O|  |TAMS 0x0000000080a00000, 0x0000000080900000| Untracked 
|  10|0x0000000080a00000, 0x0000000080b00000, 0x0000000080b00000|100%| O|  |TAMS 0x0000000080b00000, 0x0000000080a00000| Untracked 
|  11|0x0000000080b00000, 0x0000000080c00000, 0x0000000080c00000|100%|HS|  |TAMS 0x0000000080c00000, 0x0000000080b00000| Complete 
|  12|0x0000000080c00000, 0x0000000080d00000, 0x0000000080d00000|100%| O|  |TAMS 0x0000000080d00000, 0x0000000080c00000| Untracked 
|  13|0x0000000080d00000, 0x0000000080e00000, 0x0000000080e00000|100%| O|  |TAMS 0x0000000080e00000, 0x0000000080d00000| Untracked 
|  14|0x0000000080e00000, 0x0000000080f00000, 0x0000000080f00000|100%| O|  |TAMS 0x0000000080f00000, 0x0000000080e00000| Untracked 
|  15|0x0000000080f00000, 0x0000000081000000, 0x0000000081000000|100%| O|  |TAMS 0x0000000081000000, 0x0000000080f00000| Untracked 
|  16|0x0000000081000000, 0x0000000081100000, 0x0000000081100000|100%| O|  |TAMS 0x0000000081100000, 0x0000000081000000| Untracked 
|  17|0x0000000081100000, 0x0000000081200000, 0x0000000081200000|100%| O|  |TAMS 0x0000000081200000, 0x0000000081100000| Untracked 
|  18|0x0000000081200000, 0x0000000081300000, 0x0000000081300000|100%| O|  |TAMS 0x0000000081300000, 0x0000000081200000| Untracked 
|  19|0x0000000081300000, 0x0000000081400000, 0x0000000081400000|100%| O|  |TAMS 0x0000000081400000, 0x0000000081300000| Untracked 
|  20|0x0000000081400000, 0x0000000081500000, 0x0000000081500000|100%| O|  |TAMS 0x0000000081500000, 0x0000000081400000| Untracked 
|  21|0x0000000081500000, 0x0000000081600000, 0x0000000081600000|100%| O|  |TAMS 0x0000000081600000, 0x0000000081500000| Untracked 
|  22|0x0000000081600000, 0x0000000081700000, 0x0000000081700000|100%| O|  |TAMS 0x0000000081700000, 0x0000000081600000| Complete 
|  23|0x0000000081700000, 0x0000000081800000, 0x0000000081800000|100%| O|  |TAMS 0x0000000081800000, 0x0000000081700000| Untracked 
|  24|0x0000000081800000, 0x0000000081900000, 0x0000000081900000|100%| O|  |TAMS 0x0000000081900000, 0x0000000081800000| Untracked 
|  25|0x0000000081900000, 0x0000000081a00000, 0x0000000081a00000|100%| O|  |TAMS 0x0000000081a00000, 0x0000000081900000| Untracked 
|  26|0x0000000081a00000, 0x0000000081b00000, 0x0000000081b00000|100%| O|  |TAMS 0x0000000081b00000, 0x0000000081a00000| Untracked 
|  27|0x0000000081b00000, 0x0000000081c00000, 0x0000000081c00000|100%| O|  |TAMS 0x0000000081c00000, 0x0000000081b00000| Untracked 
|  28|0x0000000081c00000, 0x0000000081d00000, 0x0000000081d00000|100%| O|  |TAMS 0x0000000081d00000, 0x0000000081c00000| Untracked 
|  29|0x0000000081d00000, 0x0000000081e00000, 0x0000000081e00000|100%| O|  |TAMS 0x0000000081e00000, 0x0000000081d00000| Untracked 
|  30|0x0000000081e00000, 0x0000000081f00000, 0x0000000081f00000|100%| O|  |TAMS 0x0000000081f00000, 0x0000000081e00000| Untracked 
|  31|0x0000000081f00000, 0x0000000082000000, 0x0000000082000000|100%| O|  |TAMS 0x0000000082000000, 0x0000000081f00000| Untracked 
|  32|0x0000000082000000, 0x0000000082100000, 0x0000000082100000|100%| O|  |TAMS 0x0000000082100000, 0x0000000082000000| Untracked 
|  33|0x0000000082100000, 0x0000000082200000, 0x0000000082200000|100%| O|  |TAMS 0x0000000082200000, 0x0000000082100000| Untracked 
|  34|0x0000000082200000, 0x0000000082300000, 0x0000000082300000|100%|HS|  |TAMS 0x0000000082300000, 0x0000000082200000| Complete 
|  35|0x0000000082300000, 0x0000000082400000, 0x0000000082400000|100%|HC|  |TAMS 0x0000000082400000, 0x0000000082300000| Complete 
|  36|0x0000000082400000, 0x0000000082500000, 0x0000000082500000|100%| O|  |TAMS 0x0000000082500000, 0x0000000082400000| Untracked 
|  37|0x0000000082500000, 0x0000000082600000, 0x0000000082600000|100%| O|  |TAMS 0x0000000082600000, 0x0000000082500000| Untracked 
|  38|0x0000000082600000, 0x0000000082700000, 0x0000000082700000|100%| O|  |TAMS 0x0000000082700000, 0x0000000082600000| Untracked 
|  39|0x0000000082700000, 0x0000000082800000, 0x0000000082800000|100%| O|  |TAMS 0x0000000082800000, 0x0000000082700000| Untracked 
|  40|0x0000000082800000, 0x0000000082800000, 0x0000000082900000|  0%| F|  |TAMS 0x0000000082800000, 0x0000000082800000| Untracked 
|  41|0x0000000082900000, 0x0000000082a00000, 0x0000000082a00000|100%| O|  |TAMS 0x0000000082a00000, 0x0000000082900000| Untracked 
|  42|0x0000000082a00000, 0x0000000082b00000, 0x0000000082b00000|100%| O|  |TAMS 0x0000000082b00000, 0x0000000082a00000| Untracked 
|  43|0x0000000082b00000, 0x0000000082c00000, 0x0000000082c00000|100%| O|  |TAMS 0x0000000082c00000, 0x0000000082b00000| Untracked 
|  44|0x0000000082c00000, 0x0000000082d00000, 0x0000000082d00000|100%| O|  |TAMS 0x0000000082d00000, 0x0000000082c00000| Untracked 
|  45|0x0000000082d00000, 0x0000000082e00000, 0x0000000082e00000|100%| O|  |TAMS 0x0000000082e00000, 0x0000000082d00000| Untracked 
|  46|0x0000000082e00000, 0x0000000082f00000, 0x0000000082f00000|100%|HS|  |TAMS 0x0000000082f00000, 0x0000000082e00000| Complete 
|  47|0x0000000082f00000, 0x0000000083000000, 0x0000000083000000|100%|HC|  |TAMS 0x0000000083000000, 0x0000000082f00000| Complete 
|  48|0x0000000083000000, 0x0000000083100000, 0x0000000083100000|100%| O|  |TAMS 0x0000000083100000, 0x0000000083000000| Untracked 
|  49|0x0000000083100000, 0x0000000083200000, 0x0000000083200000|100%| O|  |TAMS 0x0000000083200000, 0x0000000083100000| Untracked 
|  50|0x0000000083200000, 0x0000000083300000, 0x0000000083300000|100%| O|  |TAMS 0x0000000083300000, 0x0000000083200000| Untracked 
|  51|0x0000000083300000, 0x0000000083400000, 0x0000000083400000|100%| O|  |TAMS 0x0000000083400000, 0x0000000083300000| Untracked 
|  52|0x0000000083400000, 0x0000000083500000, 0x0000000083500000|100%| O|  |TAMS 0x0000000083500000, 0x0000000083400000| Untracked 
|  53|0x0000000083500000, 0x0000000083600000, 0x0000000083600000|100%| O|  |TAMS 0x0000000083600000, 0x0000000083500000| Untracked 
|  54|0x0000000083600000, 0x0000000083700000, 0x0000000083700000|100%| O|  |TAMS 0x0000000083700000, 0x0000000083600000| Untracked 
|  55|0x0000000083700000, 0x0000000083800000, 0x0000000083800000|100%| O|  |TAMS 0x0000000083800000, 0x0000000083700000| Untracked 
|  56|0x0000000083800000, 0x0000000083900000, 0x0000000083900000|100%| O|  |TAMS 0x0000000083900000, 0x0000000083800000| Untracked 
|  57|0x0000000083900000, 0x0000000083a00000, 0x0000000083a00000|100%| O|  |TAMS 0x0000000083a00000, 0x0000000083900000| Untracked 
|  58|0x0000000083a00000, 0x0000000083b00000, 0x0000000083b00000|100%| O|  |TAMS 0x0000000083b00000, 0x0000000083a00000| Untracked 
|  59|0x0000000083b00000, 0x0000000083c00000, 0x0000000083c00000|100%| O|  |TAMS 0x0000000083c00000, 0x0000000083b00000| Untracked 
|  60|0x0000000083c00000, 0x0000000083d00000, 0x0000000083d00000|100%| O|  |TAMS 0x0000000083d00000, 0x0000000083c00000| Untracked 
|  61|0x0000000083d00000, 0x0000000083e00000, 0x0000000083e00000|100%| O|  |TAMS 0x0000000083e00000, 0x0000000083d00000| Untracked 
|  62|0x0000000083e00000, 0x0000000083f00000, 0x0000000083f00000|100%| O|  |TAMS 0x0000000083f00000, 0x0000000083e00000| Untracked 
|  63|0x0000000083f00000, 0x0000000084000000, 0x0000000084000000|100%| O|  |TAMS 0x0000000084000000, 0x0000000083f00000| Untracked 
|  64|0x0000000084000000, 0x0000000084100000, 0x0000000084100000|100%| O|  |TAMS 0x0000000084100000, 0x0000000084000000| Untracked 
|  65|0x0000000084100000, 0x0000000084200000, 0x0000000084200000|100%| O|  |TAMS 0x0000000084200000, 0x0000000084100000| Untracked 
|  66|0x0000000084200000, 0x0000000084300000, 0x0000000084300000|100%| O|  |TAMS 0x0000000084300000, 0x0000000084200000| Untracked 
|  67|0x0000000084300000, 0x0000000084400000, 0x0000000084400000|100%| O|  |TAMS 0x0000000084400000, 0x0000000084300000| Untracked 
|  68|0x0000000084400000, 0x0000000084500000, 0x0000000084500000|100%| O|  |TAMS 0x0000000084500000, 0x0000000084400000| Untracked 
|  69|0x0000000084500000, 0x0000000084600000, 0x0000000084600000|100%| O|  |TAMS 0x0000000084600000, 0x0000000084500000| Untracked 
|  70|0x0000000084600000, 0x0000000084700000, 0x0000000084700000|100%| O|  |TAMS 0x0000000084700000, 0x0000000084600000| Untracked 
|  71|0x0000000084700000, 0x0000000084800000, 0x0000000084800000|100%| O|  |TAMS 0x0000000084800000, 0x0000000084700000| Untracked 
|  72|0x0000000084800000, 0x0000000084900000, 0x0000000084900000|100%| O|  |TAMS 0x0000000084900000, 0x0000000084800000| Untracked 
|  73|0x0000000084900000, 0x0000000084a00000, 0x0000000084a00000|100%| O|  |TAMS 0x0000000084a00000, 0x0000000084900000| Untracked 
|  74|0x0000000084a00000, 0x0000000084b00000, 0x0000000084b00000|100%| O|  |TAMS 0x0000000084b00000, 0x0000000084a00000| Untracked 
|  75|0x0000000084b00000, 0x0000000084c00000, 0x0000000084c00000|100%| O|  |TAMS 0x0000000084c00000, 0x0000000084b00000| Untracked 
|  76|0x0000000084c00000, 0x0000000084d00000, 0x0000000084d00000|100%| O|  |TAMS 0x0000000084d00000, 0x0000000084c00000| Untracked 
|  77|0x0000000084d00000, 0x0000000084e00000, 0x0000000084e00000|100%| O|  |TAMS 0x0000000084e00000, 0x0000000084d00000| Untracked 
|  78|0x0000000084e00000, 0x0000000084f00000, 0x0000000084f00000|100%| O|  |TAMS 0x0000000084f00000, 0x0000000084e00000| Untracked 
|  79|0x0000000084f00000, 0x0000000085000000, 0x0000000085000000|100%| O|  |TAMS 0x0000000085000000, 0x0000000084f00000| Untracked 
|  80|0x0000000085000000, 0x0000000085100000, 0x0000000085100000|100%| O|  |TAMS 0x0000000085100000, 0x0000000085000000| Untracked 
|  81|0x0000000085100000, 0x0000000085200000, 0x0000000085200000|100%| O|  |TAMS 0x0000000085200000, 0x0000000085100000| Untracked 
|  82|0x0000000085200000, 0x0000000085300000, 0x0000000085300000|100%| O|  |TAMS 0x0000000085300000, 0x0000000085200000| Untracked 
|  83|0x0000000085300000, 0x00000000853b8c00, 0x0000000085400000| 72%| O|  |TAMS 0x00000000853b8c00, 0x0000000085300000| Untracked 
|  84|0x0000000085400000, 0x0000000085500000, 0x0000000085500000|100%|HS|  |TAMS 0x0000000085400000, 0x0000000085400000| Complete 
|  85|0x0000000085500000, 0x0000000085600000, 0x0000000085600000|100%|HC|  |TAMS 0x0000000085500000, 0x0000000085500000| Complete 
|  86|0x0000000085600000, 0x0000000085700000, 0x0000000085700000|100%|HS|  |TAMS 0x0000000085600000, 0x0000000085600000| Complete 
|  87|0x0000000085700000, 0x0000000085800000, 0x0000000085800000|100%|HC|  |TAMS 0x0000000085700000, 0x0000000085700000| Complete 
|  88|0x0000000085800000, 0x0000000085900000, 0x0000000085900000|100%|HS|  |TAMS 0x0000000085800000, 0x0000000085800000| Complete 
|  89|0x0000000085900000, 0x0000000085a00000, 0x0000000085a00000|100%|HC|  |TAMS 0x0000000085900000, 0x0000000085900000| Complete 
|  90|0x0000000085a00000, 0x0000000085b00000, 0x0000000085b00000|100%|HC|  |TAMS 0x0000000085a00000, 0x0000000085a00000| Complete 
|  91|0x0000000085b00000, 0x0000000085c00000, 0x0000000085c00000|100%|HC|  |TAMS 0x0000000085b00000, 0x0000000085b00000| Complete 
|  92|0x0000000085c00000, 0x0000000085d00000, 0x0000000085d00000|100%|HC|  |TAMS 0x0000000085c00000, 0x0000000085c00000| Complete 
|  93|0x0000000085d00000, 0x0000000085e00000, 0x0000000085e00000|100%|HC|  |TAMS 0x0000000085d00000, 0x0000000085d00000| Complete 
|  94|0x0000000085e00000, 0x0000000085f00000, 0x0000000085f00000|100%|HC|  |TAMS 0x0000000085e00000, 0x0000000085e00000| Complete 
|  95|0x0000000085f00000, 0x0000000086000000, 0x0000000086000000|100%|HC|  |TAMS 0x0000000085f00000, 0x0000000085f00000| Complete 
|  96|0x0000000086000000, 0x0000000086100000, 0x0000000086100000|100%|HS|  |TAMS 0x0000000086000000, 0x0000000086000000| Complete 
|  97|0x0000000086100000, 0x0000000086200000, 0x0000000086200000|100%|HC|  |TAMS 0x0000000086100000, 0x0000000086100000| Complete 
|  98|0x0000000086200000, 0x0000000086300000, 0x0000000086300000|100%|HC|  |TAMS 0x0000000086200000, 0x0000000086200000| Complete 
|  99|0x0000000086300000, 0x0000000086400000, 0x0000000086400000|100%|HC|  |TAMS 0x0000000086300000, 0x0000000086300000| Complete 
| 100|0x0000000086400000, 0x0000000086500000, 0x0000000086500000|100%|HC|  |TAMS 0x0000000086400000, 0x0000000086400000| Complete 
| 101|0x0000000086500000, 0x0000000086600000, 0x0000000086600000|100%|HC|  |TAMS 0x0000000086500000, 0x0000000086500000| Complete 
| 102|0x0000000086600000, 0x0000000086700000, 0x0000000086700000|100%|HS|  |TAMS 0x0000000086600000, 0x0000000086600000| Complete 
| 103|0x0000000086700000, 0x0000000086800000, 0x0000000086800000|100%|HC|  |TAMS 0x0000000086700000, 0x0000000086700000| Complete 
| 104|0x0000000086800000, 0x0000000086900000, 0x0000000086900000|100%|HC|  |TAMS 0x0000000086800000, 0x0000000086800000| Complete 
| 105|0x0000000086900000, 0x0000000086a00000, 0x0000000086a00000|100%|HS|  |TAMS 0x0000000086900000, 0x0000000086900000| Complete 
| 106|0x0000000086a00000, 0x0000000086b00000, 0x0000000086b00000|100%|HC|  |TAMS 0x0000000086a00000, 0x0000000086a00000| Complete 
| 107|0x0000000086b00000, 0x0000000086c00000, 0x0000000086c00000|100%|HS|  |TAMS 0x0000000086b00000, 0x0000000086b00000| Complete 
| 108|0x0000000086c00000, 0x0000000086d00000, 0x0000000086d00000|100%|HC|  |TAMS 0x0000000086c00000, 0x0000000086c00000| Complete 
| 109|0x0000000086d00000, 0x0000000086e00000, 0x0000000086e00000|100%|HS|  |TAMS 0x0000000086d00000, 0x0000000086d00000| Complete 
| 110|0x0000000086e00000, 0x0000000086f00000, 0x0000000086f00000|100%|HC|  |TAMS 0x0000000086e00000, 0x0000000086e00000| Complete 
| 111|0x0000000086f00000, 0x0000000087000000, 0x0000000087000000|100%|HC|  |TAMS 0x0000000086f00000, 0x0000000086f00000| Complete 
| 112|0x0000000087000000, 0x0000000087100000, 0x0000000087100000|100%|HC|  |TAMS 0x0000000087000000, 0x0000000087000000| Complete 
| 113|0x0000000087100000, 0x0000000087200000, 0x0000000087200000|100%|HC|  |TAMS 0x0000000087100000, 0x0000000087100000| Complete 
| 114|0x0000000087200000, 0x0000000087300000, 0x0000000087300000|100%|HC|  |TAMS 0x0000000087200000, 0x0000000087200000| Complete 
| 115|0x0000000087300000, 0x0000000087400000, 0x0000000087400000|100%|HC|  |TAMS 0x0000000087300000, 0x0000000087300000| Complete 
| 116|0x0000000087400000, 0x0000000087500000, 0x0000000087500000|100%|HC|  |TAMS 0x0000000087400000, 0x0000000087400000| Complete 
| 117|0x0000000087500000, 0x0000000087600000, 0x0000000087600000|100%|HS|  |TAMS 0x0000000087500000, 0x0000000087500000| Complete 
| 118|0x0000000087600000, 0x0000000087700000, 0x0000000087700000|100%|HC|  |TAMS 0x0000000087600000, 0x0000000087600000| Complete 
| 119|0x0000000087700000, 0x0000000087800000, 0x0000000087800000|100%|HC|  |TAMS 0x0000000087700000, 0x0000000087700000| Complete 
| 120|0x0000000087800000, 0x0000000087900000, 0x0000000087900000|100%|HC|  |TAMS 0x0000000087800000, 0x0000000087800000| Complete 
| 121|0x0000000087900000, 0x0000000087a00000, 0x0000000087a00000|100%|HC|  |TAMS 0x0000000087900000, 0x0000000087900000| Complete 
| 122|0x0000000087a00000, 0x0000000087b00000, 0x0000000087b00000|100%|HC|  |TAMS 0x0000000087a00000, 0x0000000087a00000| Complete 
| 123|0x0000000087b00000, 0x0000000087c00000, 0x0000000087c00000|100%|HS|  |TAMS 0x0000000087b00000, 0x0000000087b00000| Complete 
| 124|0x0000000087c00000, 0x0000000087d00000, 0x0000000087d00000|100%|HC|  |TAMS 0x0000000087c00000, 0x0000000087c00000| Complete 
| 125|0x0000000087d00000, 0x0000000087e00000, 0x0000000087e00000|100%|HC|  |TAMS 0x0000000087d00000, 0x0000000087d00000| Complete 
| 126|0x0000000087e00000, 0x0000000087e00000, 0x0000000087f00000|  0%| F|  |TAMS 0x0000000087e00000, 0x0000000087e00000| Untracked 
| 127|0x0000000087f00000, 0x0000000087f00000, 0x0000000088000000|  0%| F|  |TAMS 0x0000000087f00000, 0x0000000087f00000| Untracked 
| 128|0x0000000088000000, 0x0000000088000000, 0x0000000088100000|  0%| F|  |TAMS 0x0000000088000000, 0x0000000088000000| Untracked 
| 129|0x0000000088100000, 0x0000000088100000, 0x0000000088200000|  0%| F|  |TAMS 0x0000000088100000, 0x0000000088100000| Untracked 
| 130|0x0000000088200000, 0x0000000088200000, 0x0000000088300000|  0%| F|  |TAMS 0x0000000088200000, 0x0000000088200000| Untracked 
| 131|0x0000000088300000, 0x0000000088300000, 0x0000000088400000|  0%| F|  |TAMS 0x0000000088300000, 0x0000000088300000| Untracked 
| 132|0x0000000088400000, 0x0000000088400000, 0x0000000088500000|  0%| F|  |TAMS 0x0000000088400000, 0x0000000088400000| Untracked 
| 133|0x0000000088500000, 0x0000000088500000, 0x0000000088600000|  0%| F|  |TAMS 0x0000000088500000, 0x0000000088500000| Untracked 
| 134|0x0000000088600000, 0x0000000088600000, 0x0000000088700000|  0%| F|  |TAMS 0x0000000088600000, 0x0000000088600000| Untracked 
| 135|0x0000000088700000, 0x0000000088700000, 0x0000000088800000|  0%| F|  |TAMS 0x0000000088700000, 0x0000000088700000| Untracked 
| 136|0x0000000088800000, 0x0000000088800000, 0x0000000088900000|  0%| F|  |TAMS 0x0000000088800000, 0x0000000088800000| Untracked 
| 137|0x0000000088900000, 0x0000000088900000, 0x0000000088a00000|  0%| F|  |TAMS 0x0000000088900000, 0x0000000088900000| Untracked 
| 138|0x0000000088a00000, 0x0000000088a00000, 0x0000000088b00000|  0%| F|  |TAMS 0x0000000088a00000, 0x0000000088a00000| Untracked 
| 139|0x0000000088b00000, 0x0000000088b00000, 0x0000000088c00000|  0%| F|  |TAMS 0x0000000088b00000, 0x0000000088b00000| Untracked 
| 140|0x0000000088c00000, 0x0000000088c00000, 0x0000000088d00000|  0%| F|  |TAMS 0x0000000088c00000, 0x0000000088c00000| Untracked 
| 141|0x0000000088d00000, 0x0000000088d00000, 0x0000000088e00000|  0%| F|  |TAMS 0x0000000088d00000, 0x0000000088d00000| Untracked 
| 142|0x0000000088e00000, 0x0000000088e00000, 0x0000000088f00000|  0%| F|  |TAMS 0x0000000088e00000, 0x0000000088e00000| Untracked 
| 143|0x0000000088f00000, 0x0000000088f00000, 0x0000000089000000|  0%| F|  |TAMS 0x0000000088f00000, 0x0000000088f00000| Untracked 
| 144|0x0000000089000000, 0x0000000089000000, 0x0000000089100000|  0%| F|  |TAMS 0x0000000089000000, 0x0000000089000000| Untracked 
| 145|0x0000000089100000, 0x0000000089100000, 0x0000000089200000|  0%| F|  |TAMS 0x0000000089100000, 0x0000000089100000| Untracked 
| 146|0x0000000089200000, 0x0000000089200000, 0x0000000089300000|  0%| F|  |TAMS 0x0000000089200000, 0x0000000089200000| Untracked 
| 147|0x0000000089300000, 0x0000000089300000, 0x0000000089400000|  0%| F|  |TAMS 0x0000000089300000, 0x0000000089300000| Untracked 
| 148|0x0000000089400000, 0x0000000089400000, 0x0000000089500000|  0%| F|  |TAMS 0x0000000089400000, 0x0000000089400000| Untracked 
| 149|0x0000000089500000, 0x0000000089500000, 0x0000000089600000|  0%| F|  |TAMS 0x0000000089500000, 0x0000000089500000| Untracked 
| 150|0x0000000089600000, 0x0000000089600000, 0x0000000089700000|  0%| F|  |TAMS 0x0000000089600000, 0x0000000089600000| Untracked 
| 151|0x0000000089700000, 0x0000000089700000, 0x0000000089800000|  0%| F|  |TAMS 0x0000000089700000, 0x0000000089700000| Untracked 
| 152|0x0000000089800000, 0x0000000089800000, 0x0000000089900000|  0%| F|  |TAMS 0x0000000089800000, 0x0000000089800000| Untracked 
| 153|0x0000000089900000, 0x0000000089900000, 0x0000000089a00000|  0%| F|  |TAMS 0x0000000089900000, 0x0000000089900000| Untracked 
| 154|0x0000000089a00000, 0x0000000089a00000, 0x0000000089b00000|  0%| F|  |TAMS 0x0000000089a00000, 0x0000000089a00000| Untracked 
| 155|0x0000000089b00000, 0x0000000089b00000, 0x0000000089c00000|  0%| F|  |TAMS 0x0000000089b00000, 0x0000000089b00000| Untracked 
| 156|0x0000000089c00000, 0x0000000089c00000, 0x0000000089d00000|  0%| F|  |TAMS 0x0000000089c00000, 0x0000000089c00000| Untracked 
| 157|0x0000000089d00000, 0x0000000089d00000, 0x0000000089e00000|  0%| F|  |TAMS 0x0000000089d00000, 0x0000000089d00000| Untracked 
| 158|0x0000000089e00000, 0x0000000089e00000, 0x0000000089f00000|  0%| F|  |TAMS 0x0000000089e00000, 0x0000000089e00000| Untracked 
| 159|0x0000000089f00000, 0x0000000089f00000, 0x000000008a000000|  0%| F|  |TAMS 0x0000000089f00000, 0x0000000089f00000| Untracked 
| 160|0x000000008a000000, 0x000000008a000000, 0x000000008a100000|  0%| F|  |TAMS 0x000000008a000000, 0x000000008a000000| Untracked 
| 161|0x000000008a100000, 0x000000008a100000, 0x000000008a200000|  0%| F|  |TAMS 0x000000008a100000, 0x000000008a100000| Untracked 
| 162|0x000000008a200000, 0x000000008a200000, 0x000000008a300000|  0%| F|  |TAMS 0x000000008a200000, 0x000000008a200000| Untracked 
| 163|0x000000008a300000, 0x000000008a300000, 0x000000008a400000|  0%| F|  |TAMS 0x000000008a300000, 0x000000008a300000| Untracked 
| 164|0x000000008a400000, 0x000000008a400000, 0x000000008a500000|  0%| F|  |TAMS 0x000000008a400000, 0x000000008a400000| Untracked 
| 165|0x000000008a500000, 0x000000008a500000, 0x000000008a600000|  0%| F|  |TAMS 0x000000008a500000, 0x000000008a500000| Untracked 
| 166|0x000000008a600000, 0x000000008a600000, 0x000000008a700000|  0%| F|  |TAMS 0x000000008a600000, 0x000000008a600000| Untracked 
| 167|0x000000008a700000, 0x000000008a700000, 0x000000008a800000|  0%| F|  |TAMS 0x000000008a700000, 0x000000008a700000| Untracked 
| 168|0x000000008a800000, 0x000000008a800000, 0x000000008a900000|  0%| F|  |TAMS 0x000000008a800000, 0x000000008a800000| Untracked 
| 169|0x000000008a900000, 0x000000008a9b8f10, 0x000000008aa00000| 72%| S|CS|TAMS 0x000000008a900000, 0x000000008a900000| Complete 
| 170|0x000000008aa00000, 0x000000008ab00000, 0x000000008ab00000|100%| S|CS|TAMS 0x000000008aa00000, 0x000000008aa00000| Complete 
| 171|0x000000008ab00000, 0x000000008ac00000, 0x000000008ac00000|100%| S|CS|TAMS 0x000000008ab00000, 0x000000008ab00000| Complete 
| 172|0x000000008ac00000, 0x000000008ad00000, 0x000000008ad00000|100%| S|CS|TAMS 0x000000008ac00000, 0x000000008ac00000| Complete 
| 173|0x000000008ad00000, 0x000000008ae00000, 0x000000008ae00000|100%| S|CS|TAMS 0x000000008ad00000, 0x000000008ad00000| Complete 
| 174|0x000000008ae00000, 0x000000008af00000, 0x000000008af00000|100%| S|CS|TAMS 0x000000008ae00000, 0x000000008ae00000| Complete 
| 175|0x000000008af00000, 0x000000008b000000, 0x000000008b000000|100%| S|CS|TAMS 0x000000008af00000, 0x000000008af00000| Complete 
| 176|0x000000008b000000, 0x000000008b100000, 0x000000008b100000|100%| S|CS|TAMS 0x000000008b000000, 0x000000008b000000| Complete 
| 177|0x000000008b100000, 0x000000008b100000, 0x000000008b200000|  0%| F|  |TAMS 0x000000008b100000, 0x000000008b100000| Untracked 
| 178|0x000000008b200000, 0x000000008b200000, 0x000000008b300000|  0%| F|  |TAMS 0x000000008b200000, 0x000000008b200000| Untracked 
| 179|0x000000008b300000, 0x000000008b300000, 0x000000008b400000|  0%| F|  |TAMS 0x000000008b300000, 0x000000008b300000| Untracked 
| 180|0x000000008b400000, 0x000000008b400000, 0x000000008b500000|  0%| F|  |TAMS 0x000000008b400000, 0x000000008b400000| Untracked 
| 181|0x000000008b500000, 0x000000008b500000, 0x000000008b600000|  0%| F|  |TAMS 0x000000008b500000, 0x000000008b500000| Untracked 
| 182|0x000000008b600000, 0x000000008b600000, 0x000000008b700000|  0%| F|  |TAMS 0x000000008b600000, 0x000000008b600000| Untracked 
| 183|0x000000008b700000, 0x000000008b700000, 0x000000008b800000|  0%| F|  |TAMS 0x000000008b700000, 0x000000008b700000| Untracked 
| 184|0x000000008b800000, 0x000000008b800000, 0x000000008b900000|  0%| F|  |TAMS 0x000000008b800000, 0x000000008b800000| Untracked 
| 185|0x000000008b900000, 0x000000008b900000, 0x000000008ba00000|  0%| F|  |TAMS 0x000000008b900000, 0x000000008b900000| Untracked 
| 186|0x000000008ba00000, 0x000000008ba00000, 0x000000008bb00000|  0%| F|  |TAMS 0x000000008ba00000, 0x000000008ba00000| Untracked 
| 187|0x000000008bb00000, 0x000000008bb00000, 0x000000008bc00000|  0%| F|  |TAMS 0x000000008bb00000, 0x000000008bb00000| Untracked 
| 188|0x000000008bc00000, 0x000000008bc00000, 0x000000008bd00000|  0%| F|  |TAMS 0x000000008bc00000, 0x000000008bc00000| Untracked 
| 189|0x000000008bd00000, 0x000000008bd00000, 0x000000008be00000|  0%| F|  |TAMS 0x000000008bd00000, 0x000000008bd00000| Untracked 
| 190|0x000000008be00000, 0x000000008be00000, 0x000000008bf00000|  0%| F|  |TAMS 0x000000008be00000, 0x000000008be00000| Untracked 
| 191|0x000000008bf00000, 0x000000008bf00000, 0x000000008c000000|  0%| F|  |TAMS 0x000000008bf00000, 0x000000008bf00000| Untracked 
| 192|0x000000008c000000, 0x000000008c000000, 0x000000008c100000|  0%| F|  |TAMS 0x000000008c000000, 0x000000008c000000| Untracked 
| 193|0x000000008c100000, 0x000000008c100000, 0x000000008c200000|  0%| F|  |TAMS 0x000000008c100000, 0x000000008c100000| Untracked 
| 194|0x000000008c200000, 0x000000008c200000, 0x000000008c300000|  0%| F|  |TAMS 0x000000008c200000, 0x000000008c200000| Untracked 
| 195|0x000000008c300000, 0x000000008c300000, 0x000000008c400000|  0%| F|  |TAMS 0x000000008c300000, 0x000000008c300000| Untracked 
| 196|0x000000008c400000, 0x000000008c400000, 0x000000008c500000|  0%| F|  |TAMS 0x000000008c400000, 0x000000008c400000| Untracked 
| 197|0x000000008c500000, 0x000000008c500000, 0x000000008c600000|  0%| F|  |TAMS 0x000000008c500000, 0x000000008c500000| Untracked 
| 198|0x000000008c600000, 0x000000008c600000, 0x000000008c700000|  0%| F|  |TAMS 0x000000008c600000, 0x000000008c600000| Untracked 
| 199|0x000000008c700000, 0x000000008c700000, 0x000000008c800000|  0%| F|  |TAMS 0x000000008c700000, 0x000000008c700000| Untracked 
| 200|0x000000008c800000, 0x000000008c800000, 0x000000008c900000|  0%| F|  |TAMS 0x000000008c800000, 0x000000008c800000| Untracked 
| 201|0x000000008c900000, 0x000000008c900000, 0x000000008ca00000|  0%| F|  |TAMS 0x000000008c900000, 0x000000008c900000| Untracked 
| 202|0x000000008ca00000, 0x000000008ca00000, 0x000000008cb00000|  0%| F|  |TAMS 0x000000008ca00000, 0x000000008ca00000| Untracked 
| 203|0x000000008cb00000, 0x000000008cb00000, 0x000000008cc00000|  0%| F|  |TAMS 0x000000008cb00000, 0x000000008cb00000| Untracked 
| 204|0x000000008cc00000, 0x000000008cc00000, 0x000000008cd00000|  0%| F|  |TAMS 0x000000008cc00000, 0x000000008cc00000| Untracked 
| 205|0x000000008cd00000, 0x000000008cd00000, 0x000000008ce00000|  0%| F|  |TAMS 0x000000008cd00000, 0x000000008cd00000| Untracked 
| 206|0x000000008ce00000, 0x000000008ce00000, 0x000000008cf00000|  0%| F|  |TAMS 0x000000008ce00000, 0x000000008ce00000| Untracked 
| 207|0x000000008cf00000, 0x000000008cf00000, 0x000000008d000000|  0%| F|  |TAMS 0x000000008cf00000, 0x000000008cf00000| Untracked 
| 208|0x000000008d000000, 0x000000008d000000, 0x000000008d100000|  0%| F|  |TAMS 0x000000008d000000, 0x000000008d000000| Untracked 
| 209|0x000000008d100000, 0x000000008d100000, 0x000000008d200000|  0%| F|  |TAMS 0x000000008d100000, 0x000000008d100000| Untracked 
| 210|0x000000008d200000, 0x000000008d200000, 0x000000008d300000|  0%| F|  |TAMS 0x000000008d200000, 0x000000008d200000| Untracked 
| 211|0x000000008d300000, 0x000000008d300000, 0x000000008d400000|  0%| F|  |TAMS 0x000000008d300000, 0x000000008d300000| Untracked 
| 212|0x000000008d400000, 0x000000008d400000, 0x000000008d500000|  0%| F|  |TAMS 0x000000008d400000, 0x000000008d400000| Untracked 
| 213|0x000000008d500000, 0x000000008d500000, 0x000000008d600000|  0%| F|  |TAMS 0x000000008d500000, 0x000000008d500000| Untracked 
| 214|0x000000008d600000, 0x000000008d600000, 0x000000008d700000|  0%| F|  |TAMS 0x000000008d600000, 0x000000008d600000| Untracked 
| 215|0x000000008d700000, 0x000000008d700000, 0x000000008d800000|  0%| F|  |TAMS 0x000000008d700000, 0x000000008d700000| Untracked 
| 216|0x000000008d800000, 0x000000008d800000, 0x000000008d900000|  0%| F|  |TAMS 0x000000008d800000, 0x000000008d800000| Untracked 
| 217|0x000000008d900000, 0x000000008d900000, 0x000000008da00000|  0%| F|  |TAMS 0x000000008d900000, 0x000000008d900000| Untracked 
| 218|0x000000008da00000, 0x000000008da00000, 0x000000008db00000|  0%| F|  |TAMS 0x000000008da00000, 0x000000008da00000| Untracked 
| 219|0x000000008db00000, 0x000000008db00000, 0x000000008dc00000|  0%| F|  |TAMS 0x000000008db00000, 0x000000008db00000| Untracked 
| 220|0x000000008dc00000, 0x000000008dc00000, 0x000000008dd00000|  0%| F|  |TAMS 0x000000008dc00000, 0x000000008dc00000| Untracked 
| 221|0x000000008dd00000, 0x000000008dd00000, 0x000000008de00000|  0%| F|  |TAMS 0x000000008dd00000, 0x000000008dd00000| Untracked 
| 222|0x000000008de00000, 0x000000008de00000, 0x000000008df00000|  0%| F|  |TAMS 0x000000008de00000, 0x000000008de00000| Untracked 
| 223|0x000000008df00000, 0x000000008df00000, 0x000000008e000000|  0%| F|  |TAMS 0x000000008df00000, 0x000000008df00000| Untracked 
| 224|0x000000008e000000, 0x000000008e000000, 0x000000008e100000|  0%| F|  |TAMS 0x000000008e000000, 0x000000008e000000| Untracked 
| 225|0x000000008e100000, 0x000000008e100000, 0x000000008e200000|  0%| F|  |TAMS 0x000000008e100000, 0x000000008e100000| Untracked 
| 226|0x000000008e200000, 0x000000008e200000, 0x000000008e300000|  0%| F|  |TAMS 0x000000008e200000, 0x000000008e200000| Untracked 
| 227|0x000000008e300000, 0x000000008e300000, 0x000000008e400000|  0%| F|  |TAMS 0x000000008e300000, 0x000000008e300000| Untracked 
| 228|0x000000008e400000, 0x000000008e400000, 0x000000008e500000|  0%| F|  |TAMS 0x000000008e400000, 0x000000008e400000| Untracked 
| 229|0x000000008e500000, 0x000000008e500000, 0x000000008e600000|  0%| F|  |TAMS 0x000000008e500000, 0x000000008e500000| Untracked 
| 230|0x000000008e600000, 0x000000008e600000, 0x000000008e700000|  0%| F|  |TAMS 0x000000008e600000, 0x000000008e600000| Untracked 
| 231|0x000000008e700000, 0x000000008e700000, 0x000000008e800000|  0%| F|  |TAMS 0x000000008e700000, 0x000000008e700000| Untracked 
| 232|0x000000008e800000, 0x000000008e800000, 0x000000008e900000|  0%| F|  |TAMS 0x000000008e800000, 0x000000008e800000| Untracked 
| 233|0x000000008e900000, 0x000000008e900000, 0x000000008ea00000|  0%| F|  |TAMS 0x000000008e900000, 0x000000008e900000| Untracked 
| 234|0x000000008ea00000, 0x000000008ea00000, 0x000000008eb00000|  0%| F|  |TAMS 0x000000008ea00000, 0x000000008ea00000| Untracked 
| 235|0x000000008eb00000, 0x000000008eb00000, 0x000000008ec00000|  0%| F|  |TAMS 0x000000008eb00000, 0x000000008eb00000| Untracked 
| 236|0x000000008ec00000, 0x000000008ec00000, 0x000000008ed00000|  0%| F|  |TAMS 0x000000008ec00000, 0x000000008ec00000| Untracked 
| 237|0x000000008ed00000, 0x000000008ed00000, 0x000000008ee00000|  0%| F|  |TAMS 0x000000008ed00000, 0x000000008ed00000| Untracked 
| 238|0x000000008ee00000, 0x000000008ee00000, 0x000000008ef00000|  0%| F|  |TAMS 0x000000008ee00000, 0x000000008ee00000| Untracked 
| 239|0x000000008ef00000, 0x000000008ef00000, 0x000000008f000000|  0%| F|  |TAMS 0x000000008ef00000, 0x000000008ef00000| Untracked 
| 240|0x000000008f000000, 0x000000008f000000, 0x000000008f100000|  0%| F|  |TAMS 0x000000008f000000, 0x000000008f000000| Untracked 
| 241|0x000000008f100000, 0x000000008f100000, 0x000000008f200000|  0%| F|  |TAMS 0x000000008f100000, 0x000000008f100000| Untracked 
| 242|0x000000008f200000, 0x000000008f200000, 0x000000008f300000|  0%| F|  |TAMS 0x000000008f200000, 0x000000008f200000| Untracked 
| 243|0x000000008f300000, 0x000000008f300000, 0x000000008f400000|  0%| F|  |TAMS 0x000000008f300000, 0x000000008f300000| Untracked 
| 244|0x000000008f400000, 0x000000008f400000, 0x000000008f500000|  0%| F|  |TAMS 0x000000008f400000, 0x000000008f400000| Untracked 
| 245|0x000000008f500000, 0x000000008f500000, 0x000000008f600000|  0%| F|  |TAMS 0x000000008f500000, 0x000000008f500000| Untracked 
| 246|0x000000008f600000, 0x000000008f600000, 0x000000008f700000|  0%| F|  |TAMS 0x000000008f600000, 0x000000008f600000| Untracked 
| 247|0x000000008f700000, 0x000000008f700000, 0x000000008f800000|  0%| F|  |TAMS 0x000000008f700000, 0x000000008f700000| Untracked 
| 248|0x000000008f800000, 0x000000008f800000, 0x000000008f900000|  0%| F|  |TAMS 0x000000008f800000, 0x000000008f800000| Untracked 
| 249|0x000000008f900000, 0x000000008f900000, 0x000000008fa00000|  0%| F|  |TAMS 0x000000008f900000, 0x000000008f900000| Untracked 
| 250|0x000000008fa00000, 0x000000008fa00000, 0x000000008fb00000|  0%| F|  |TAMS 0x000000008fa00000, 0x000000008fa00000| Untracked 
| 251|0x000000008fb00000, 0x000000008fb00000, 0x000000008fc00000|  0%| F|  |TAMS 0x000000008fb00000, 0x000000008fb00000| Untracked 
| 252|0x000000008fc00000, 0x000000008fc00000, 0x000000008fd00000|  0%| F|  |TAMS 0x000000008fc00000, 0x000000008fc00000| Untracked 
| 253|0x000000008fd00000, 0x000000008fd00000, 0x000000008fe00000|  0%| F|  |TAMS 0x000000008fd00000, 0x000000008fd00000| Untracked 
| 254|0x000000008fe00000, 0x000000008fe00000, 0x000000008ff00000|  0%| F|  |TAMS 0x000000008fe00000, 0x000000008fe00000| Untracked 
| 255|0x000000008ff00000, 0x000000008ff00000, 0x0000000090000000|  0%| F|  |TAMS 0x000000008ff00000, 0x000000008ff00000| Untracked 
| 256|0x0000000090000000, 0x0000000090000000, 0x0000000090100000|  0%| F|  |TAMS 0x0000000090000000, 0x0000000090000000| Untracked 
| 257|0x0000000090100000, 0x0000000090100000, 0x0000000090200000|  0%| F|  |TAMS 0x0000000090100000, 0x0000000090100000| Untracked 
| 258|0x0000000090200000, 0x0000000090200000, 0x0000000090300000|  0%| F|  |TAMS 0x0000000090200000, 0x0000000090200000| Untracked 
| 259|0x0000000090300000, 0x0000000090300000, 0x0000000090400000|  0%| F|  |TAMS 0x0000000090300000, 0x0000000090300000| Untracked 
| 260|0x0000000090400000, 0x0000000090400000, 0x0000000090500000|  0%| F|  |TAMS 0x0000000090400000, 0x0000000090400000| Untracked 
| 261|0x0000000090500000, 0x0000000090500000, 0x0000000090600000|  0%| F|  |TAMS 0x0000000090500000, 0x0000000090500000| Untracked 
| 262|0x0000000090600000, 0x0000000090600000, 0x0000000090700000|  0%| F|  |TAMS 0x0000000090600000, 0x0000000090600000| Untracked 
| 263|0x0000000090700000, 0x0000000090700000, 0x0000000090800000|  0%| F|  |TAMS 0x0000000090700000, 0x0000000090700000| Untracked 
| 264|0x0000000090800000, 0x0000000090800000, 0x0000000090900000|  0%| F|  |TAMS 0x0000000090800000, 0x0000000090800000| Untracked 
| 265|0x0000000090900000, 0x0000000090900000, 0x0000000090a00000|  0%| F|  |TAMS 0x0000000090900000, 0x0000000090900000| Untracked 
| 266|0x0000000090a00000, 0x0000000090a00000, 0x0000000090b00000|  0%| F|  |TAMS 0x0000000090a00000, 0x0000000090a00000| Untracked 
| 267|0x0000000090b00000, 0x0000000090b00000, 0x0000000090c00000|  0%| F|  |TAMS 0x0000000090b00000, 0x0000000090b00000| Untracked 
| 268|0x0000000090c00000, 0x0000000090c00000, 0x0000000090d00000|  0%| F|  |TAMS 0x0000000090c00000, 0x0000000090c00000| Untracked 
| 269|0x0000000090d00000, 0x0000000090d00000, 0x0000000090e00000|  0%| F|  |TAMS 0x0000000090d00000, 0x0000000090d00000| Untracked 
| 270|0x0000000090e00000, 0x0000000090e00000, 0x0000000090f00000|  0%| F|  |TAMS 0x0000000090e00000, 0x0000000090e00000| Untracked 
| 271|0x0000000090f00000, 0x0000000090f00000, 0x0000000091000000|  0%| F|  |TAMS 0x0000000090f00000, 0x0000000090f00000| Untracked 
| 272|0x0000000091000000, 0x0000000091000000, 0x0000000091100000|  0%| F|  |TAMS 0x0000000091000000, 0x0000000091000000| Untracked 
| 273|0x0000000091100000, 0x0000000091100000, 0x0000000091200000|  0%| F|  |TAMS 0x0000000091100000, 0x0000000091100000| Untracked 
| 274|0x0000000091200000, 0x0000000091200000, 0x0000000091300000|  0%| F|  |TAMS 0x0000000091200000, 0x0000000091200000| Untracked 
| 275|0x0000000091300000, 0x0000000091300000, 0x0000000091400000|  0%| F|  |TAMS 0x0000000091300000, 0x0000000091300000| Untracked 
| 276|0x0000000091400000, 0x0000000091400000, 0x0000000091500000|  0%| F|  |TAMS 0x0000000091400000, 0x0000000091400000| Untracked 
| 277|0x0000000091500000, 0x0000000091500000, 0x0000000091600000|  0%| F|  |TAMS 0x0000000091500000, 0x0000000091500000| Untracked 
| 278|0x0000000091600000, 0x0000000091600000, 0x0000000091700000|  0%| F|  |TAMS 0x0000000091600000, 0x0000000091600000| Untracked 
| 279|0x0000000091700000, 0x0000000091700000, 0x0000000091800000|  0%| F|  |TAMS 0x0000000091700000, 0x0000000091700000| Untracked 
| 280|0x0000000091800000, 0x0000000091800000, 0x0000000091900000|  0%| F|  |TAMS 0x0000000091800000, 0x0000000091800000| Untracked 
| 281|0x0000000091900000, 0x0000000091900000, 0x0000000091a00000|  0%| F|  |TAMS 0x0000000091900000, 0x0000000091900000| Untracked 
| 282|0x0000000091a00000, 0x0000000091a00000, 0x0000000091b00000|  0%| F|  |TAMS 0x0000000091a00000, 0x0000000091a00000| Untracked 
| 283|0x0000000091b00000, 0x0000000091b00000, 0x0000000091c00000|  0%| F|  |TAMS 0x0000000091b00000, 0x0000000091b00000| Untracked 
| 284|0x0000000091c00000, 0x0000000091c00000, 0x0000000091d00000|  0%| F|  |TAMS 0x0000000091c00000, 0x0000000091c00000| Untracked 
| 285|0x0000000091d00000, 0x0000000091d00000, 0x0000000091e00000|  0%| F|  |TAMS 0x0000000091d00000, 0x0000000091d00000| Untracked 
| 286|0x0000000091e00000, 0x0000000091e00000, 0x0000000091f00000|  0%| F|  |TAMS 0x0000000091e00000, 0x0000000091e00000| Untracked 
| 287|0x0000000091f00000, 0x0000000091f00000, 0x0000000092000000|  0%| F|  |TAMS 0x0000000091f00000, 0x0000000091f00000| Untracked 
| 288|0x0000000092000000, 0x0000000092000000, 0x0000000092100000|  0%| F|  |TAMS 0x0000000092000000, 0x0000000092000000| Untracked 
| 289|0x0000000092100000, 0x0000000092100000, 0x0000000092200000|  0%| F|  |TAMS 0x0000000092100000, 0x0000000092100000| Untracked 
| 290|0x0000000092200000, 0x0000000092200000, 0x0000000092300000|  0%| F|  |TAMS 0x0000000092200000, 0x0000000092200000| Untracked 
| 291|0x0000000092300000, 0x0000000092300000, 0x0000000092400000|  0%| F|  |TAMS 0x0000000092300000, 0x0000000092300000| Untracked 
| 292|0x0000000092400000, 0x0000000092400000, 0x0000000092500000|  0%| F|  |TAMS 0x0000000092400000, 0x0000000092400000| Untracked 
| 293|0x0000000092500000, 0x0000000092500000, 0x0000000092600000|  0%| F|  |TAMS 0x0000000092500000, 0x0000000092500000| Untracked 
| 294|0x0000000092600000, 0x0000000092600000, 0x0000000092700000|  0%| F|  |TAMS 0x0000000092600000, 0x0000000092600000| Untracked 
| 295|0x0000000092700000, 0x0000000092700000, 0x0000000092800000|  0%| F|  |TAMS 0x0000000092700000, 0x0000000092700000| Untracked 
| 296|0x0000000092800000, 0x0000000092800000, 0x0000000092900000|  0%| F|  |TAMS 0x0000000092800000, 0x0000000092800000| Untracked 
| 297|0x0000000092900000, 0x0000000092900000, 0x0000000092a00000|  0%| F|  |TAMS 0x0000000092900000, 0x0000000092900000| Untracked 
| 298|0x0000000092a00000, 0x0000000092a00000, 0x0000000092b00000|  0%| F|  |TAMS 0x0000000092a00000, 0x0000000092a00000| Untracked 
| 299|0x0000000092b00000, 0x0000000092b00000, 0x0000000092c00000|  0%| F|  |TAMS 0x0000000092b00000, 0x0000000092b00000| Untracked 
| 300|0x0000000092c00000, 0x0000000092c00000, 0x0000000092d00000|  0%| F|  |TAMS 0x0000000092c00000, 0x0000000092c00000| Untracked 
| 301|0x0000000092d00000, 0x0000000092d00000, 0x0000000092e00000|  0%| F|  |TAMS 0x0000000092d00000, 0x0000000092d00000| Untracked 
| 302|0x0000000092e00000, 0x0000000092e00000, 0x0000000092f00000|  0%| F|  |TAMS 0x0000000092e00000, 0x0000000092e00000| Untracked 
| 303|0x0000000092f00000, 0x0000000092f00000, 0x0000000093000000|  0%| F|  |TAMS 0x0000000092f00000, 0x0000000092f00000| Untracked 
| 304|0x0000000093000000, 0x0000000093000000, 0x0000000093100000|  0%| F|  |TAMS 0x0000000093000000, 0x0000000093000000| Untracked 
| 305|0x0000000093100000, 0x0000000093100000, 0x0000000093200000|  0%| F|  |TAMS 0x0000000093100000, 0x0000000093100000| Untracked 
| 306|0x0000000093200000, 0x0000000093200000, 0x0000000093300000|  0%| F|  |TAMS 0x0000000093200000, 0x0000000093200000| Untracked 
| 307|0x0000000093300000, 0x0000000093300000, 0x0000000093400000|  0%| F|  |TAMS 0x0000000093300000, 0x0000000093300000| Untracked 
| 308|0x0000000093400000, 0x0000000093400000, 0x0000000093500000|  0%| F|  |TAMS 0x0000000093400000, 0x0000000093400000| Untracked 
| 309|0x0000000093500000, 0x0000000093500000, 0x0000000093600000|  0%| F|  |TAMS 0x0000000093500000, 0x0000000093500000| Untracked 
| 310|0x0000000093600000, 0x0000000093600000, 0x0000000093700000|  0%| F|  |TAMS 0x0000000093600000, 0x0000000093600000| Untracked 
| 311|0x0000000093700000, 0x0000000093700000, 0x0000000093800000|  0%| F|  |TAMS 0x0000000093700000, 0x0000000093700000| Untracked 
| 312|0x0000000093800000, 0x0000000093800000, 0x0000000093900000|  0%| F|  |TAMS 0x0000000093800000, 0x0000000093800000| Untracked 
| 313|0x0000000093900000, 0x0000000093900000, 0x0000000093a00000|  0%| F|  |TAMS 0x0000000093900000, 0x0000000093900000| Untracked 
| 314|0x0000000093a00000, 0x0000000093a00000, 0x0000000093b00000|  0%| F|  |TAMS 0x0000000093a00000, 0x0000000093a00000| Untracked 
| 315|0x0000000093b00000, 0x0000000093b00000, 0x0000000093c00000|  0%| F|  |TAMS 0x0000000093b00000, 0x0000000093b00000| Untracked 
| 316|0x0000000093c00000, 0x0000000093c00000, 0x0000000093d00000|  0%| F|  |TAMS 0x0000000093c00000, 0x0000000093c00000| Untracked 
| 317|0x0000000093d00000, 0x0000000093d00000, 0x0000000093e00000|  0%| F|  |TAMS 0x0000000093d00000, 0x0000000093d00000| Untracked 
| 318|0x0000000093e00000, 0x0000000093e00000, 0x0000000093f00000|  0%| F|  |TAMS 0x0000000093e00000, 0x0000000093e00000| Untracked 
| 319|0x0000000093f00000, 0x0000000093f00000, 0x0000000094000000|  0%| F|  |TAMS 0x0000000093f00000, 0x0000000093f00000| Untracked 
| 320|0x0000000094000000, 0x0000000094000000, 0x0000000094100000|  0%| F|  |TAMS 0x0000000094000000, 0x0000000094000000| Untracked 
| 321|0x0000000094100000, 0x0000000094100000, 0x0000000094200000|  0%| F|  |TAMS 0x0000000094100000, 0x0000000094100000| Untracked 
| 322|0x0000000094200000, 0x0000000094200000, 0x0000000094300000|  0%| F|  |TAMS 0x0000000094200000, 0x0000000094200000| Untracked 
| 323|0x0000000094300000, 0x0000000094300000, 0x0000000094400000|  0%| F|  |TAMS 0x0000000094300000, 0x0000000094300000| Untracked 
| 324|0x0000000094400000, 0x00000000944722d0, 0x0000000094500000| 44%| E|  |TAMS 0x0000000094400000, 0x0000000094400000| Complete 
| 325|0x0000000094500000, 0x0000000094600000, 0x0000000094600000|100%| E|CS|TAMS 0x0000000094500000, 0x0000000094500000| Complete 
| 326|0x0000000094600000, 0x0000000094700000, 0x0000000094700000|100%| E|CS|TAMS 0x0000000094600000, 0x0000000094600000| Complete 
| 327|0x0000000094700000, 0x0000000094800000, 0x0000000094800000|100%| E|CS|TAMS 0x0000000094700000, 0x0000000094700000| Complete 
| 328|0x0000000094800000, 0x0000000094900000, 0x0000000094900000|100%| E|CS|TAMS 0x0000000094800000, 0x0000000094800000| Complete 
| 329|0x0000000094900000, 0x0000000094a00000, 0x0000000094a00000|100%| E|CS|TAMS 0x0000000094900000, 0x0000000094900000| Complete 
| 330|0x0000000094a00000, 0x0000000094b00000, 0x0000000094b00000|100%| E|CS|TAMS 0x0000000094a00000, 0x0000000094a00000| Complete 
| 331|0x0000000094b00000, 0x0000000094c00000, 0x0000000094c00000|100%| E|CS|TAMS 0x0000000094b00000, 0x0000000094b00000| Complete 
| 332|0x0000000094c00000, 0x0000000094d00000, 0x0000000094d00000|100%| E|CS|TAMS 0x0000000094c00000, 0x0000000094c00000| Complete 
| 333|0x0000000094d00000, 0x0000000094e00000, 0x0000000094e00000|100%| E|CS|TAMS 0x0000000094d00000, 0x0000000094d00000| Complete 
| 334|0x0000000094e00000, 0x0000000094f00000, 0x0000000094f00000|100%| E|CS|TAMS 0x0000000094e00000, 0x0000000094e00000| Complete 
| 335|0x0000000094f00000, 0x0000000095000000, 0x0000000095000000|100%| E|CS|TAMS 0x0000000094f00000, 0x0000000094f00000| Complete 
| 336|0x0000000095000000, 0x0000000095100000, 0x0000000095100000|100%| E|CS|TAMS 0x0000000095000000, 0x0000000095000000| Complete 
| 337|0x0000000095100000, 0x0000000095200000, 0x0000000095200000|100%| E|CS|TAMS 0x0000000095100000, 0x0000000095100000| Complete 
| 338|0x0000000095200000, 0x0000000095300000, 0x0000000095300000|100%| E|CS|TAMS 0x0000000095200000, 0x0000000095200000| Complete 
| 339|0x0000000095300000, 0x0000000095400000, 0x0000000095400000|100%| E|CS|TAMS 0x0000000095300000, 0x0000000095300000| Complete 
| 340|0x0000000095400000, 0x0000000095500000, 0x0000000095500000|100%| E|CS|TAMS 0x0000000095400000, 0x0000000095400000| Complete 
| 341|0x0000000095500000, 0x0000000095600000, 0x0000000095600000|100%| E|CS|TAMS 0x0000000095500000, 0x0000000095500000| Complete 
| 342|0x0000000095600000, 0x0000000095700000, 0x0000000095700000|100%| E|CS|TAMS 0x0000000095600000, 0x0000000095600000| Complete 
| 343|0x0000000095700000, 0x0000000095800000, 0x0000000095800000|100%| E|CS|TAMS 0x0000000095700000, 0x0000000095700000| Complete 

Card table byte_map: [0x000000001a3f0000,0x000000001a7f0000] _byte_map_base: 0x0000000019ff0000

Marking Bits (Prev, Next): (CMBitMap*) 0x0000000002f7bc80, (CMBitMap*) 0x0000000002f7bcc0
 Prev Bits: [0x000000001abf0000, 0x000000001cbf0000)
 Next Bits: [0x000000001cbf0000, 0x000000001ebf0000)

Polling page: 0x0000000000ef0000

Metaspace:

Usage:
  Non-class:     59.93 MB used.
      Class:      9.74 MB used.
       Both:     69.67 MB used.

Virtual space:
  Non-class space:       64.00 MB reserved,      60.31 MB ( 94%) committed,  1 nodes.
      Class space:        1.00 GB reserved,      10.06 MB ( <1%) committed,  1 nodes.
             Both:        1.06 GB reserved,      70.38 MB (  6%) committed. 

Chunk freelists:
   Non-Class:  3.33 MB
       Class:  5.94 MB
        Both:  9.26 MB

MaxMetaspaceSize: unlimited
CompressedClassSpaceSize: 1.00 GB
Initial GC threshold: 21.00 MB
Current GC threshold: 116.56 MB
CDS: on
MetaspaceReclaimPolicy: balanced
 - commit_granule_bytes: 65536.
 - commit_granule_words: 8192.
 - virtual_space_node_default_size: 8388608.
 - enlarge_chunks_in_place: 1.
 - new_chunks_are_fully_committed: 0.
 - uncommit_free_chunks: 1.
 - use_allocation_guard: 0.
 - handle_deallocations: 1.


Internal statistics:

num_allocs_failed_limit: 6.
num_arena_births: 852.
num_arena_deaths: 2.
num_vsnodes_births: 2.
num_vsnodes_deaths: 0.
num_space_committed: 1126.
num_space_uncommitted: 0.
num_chunks_returned_to_freelist: 9.
num_chunks_taken_from_freelist: 3763.
num_chunk_merges: 6.
num_chunk_splits: 2322.
num_chunks_enlarged: 1417.
num_inconsistent_stats: 0.

CodeHeap 'non-profiled nmethods': size=120000Kb used=6948Kb max_used=6948Kb free=113052Kb
 bounds [0x0000000012570000, 0x0000000012c40000, 0x0000000019aa0000]
CodeHeap 'profiled nmethods': size=120000Kb used=17903Kb max_used=17903Kb free=102096Kb
 bounds [0x000000000aaa0000, 0x000000000bc20000, 0x0000000011fd0000]
CodeHeap 'non-nmethods': size=5760Kb used=2385Kb max_used=2452Kb free=3375Kb
 bounds [0x0000000011fd0000, 0x0000000012250000, 0x0000000012570000]
 total_blobs=10430 nmethods=9520 adapters=822
 compilation: enabled
              stopped_count=0, restarted_count=0
 full_count=0

Compilation events (20 events):
Event: 37.199 Thread 0x0000000067416a60 nmethod 11034 0x0000000012c35b90 code [0x0000000012c35d20, 0x0000000012c35fb8]
Event: 38.155 Thread 0x0000000067416a60 11035       4       java.util.Collections$SingletonList::iterator (8 bytes)
Event: 38.156 Thread 0x0000000067416a60 nmethod 11035 0x0000000012c36110 code [0x0000000012c362a0, 0x0000000012c36378]
Event: 40.753 Thread 0x0000000067416a60 11036   !   4       java.nio.charset.CharsetEncoder::encode (273 bytes)
Event: 40.756 Thread 0x0000000067416a60 nmethod 11036 0x0000000012c36410 code [0x0000000012c365e0, 0x0000000012c36c98]
Event: 40.760 Thread 0x0000000067416a60 11037   !   4       sun.nio.cs.StreamEncoder::write (78 bytes)
Event: 40.769 Thread 0x0000000067416a60 nmethod 11037 0x0000000012c37310 code [0x0000000012c37520, 0x0000000012c38330]
Event: 41.046 Thread 0x0000000067420390 11038       3       java.util.HashMap$ValueSpliterator::characteristics (28 bytes)
Event: 41.047 Thread 0x0000000067420390 nmethod 11038 0x000000000bc19310 code [0x000000000bc194c0, 0x000000000bc19678]
Event: 43.046 Thread 0x0000000067420390 11039       3       java.lang.invoke.DelegatingMethodHandle$Holder::reinvoke_L (20 bytes)
Event: 43.046 Thread 0x0000000067420390 nmethod 11039 0x000000000bc19710 code [0x000000000bc198e0, 0x000000000bc19cf8]
Event: 44.318 Thread 0x0000000067420390 11040       3       org.gradle.internal.logging.text.AbstractLineChoppingStyledTextOutput::doAppend (43 bytes)
Event: 44.319 Thread 0x0000000067420390 nmethod 11040 0x000000000bc19e10 code [0x000000000bc1a000, 0x000000000bc1a4a8]
Event: 44.319 Thread 0x0000000067420390 11041       3       org.gradle.internal.logging.text.AbstractLineChoppingStyledTextOutput$1::execute (9 bytes)
Event: 44.319 Thread 0x0000000067420390 nmethod 11041 0x000000000bc1a690 code [0x000000000bc1a840, 0x000000000bc1aa68]
Event: 44.319 Thread 0x0000000067420390 11042       3       org.gradle.internal.logging.text.AbstractLineChoppingStyledTextOutput$1::execute (140 bytes)
Event: 44.319 Thread 0x0000000067420390 nmethod 11042 0x000000000bc1ab10 code [0x000000000bc1ae40, 0x000000000bc1be98]
Event: 44.319 Thread 0x0000000067420390 11043       3       org.gradle.internal.logging.text.AbstractLineChoppingStyledTextOutput$2::execute (77 bytes)
Event: 44.320 Thread 0x0000000067420390 nmethod 11043 0x000000000bc1c590 code [0x000000000bc1c820, 0x000000000bc1d2a8]
Event: 44.320 Thread 0x0000000067416a60 11044       4       org.gradle.internal.logging.text.AbstractLineChoppingStyledTextOutput$1::execute (9 bytes)

GC Heap History (20 events):
Event: 8.751 GC heap before
{Heap before GC invocations=37 (full 0):
 garbage-first heap   total 209920K, used 87925K [0x0000000080000000, 0x0000000100000000)
  region size 1024K, 5 young (5120K), 3 survivors (3072K)
 Metaspace       used 69814K, committed 70528K, reserved 1114112K
  class space    used 9835K, committed 10176K, reserved 1048576K
}
Event: 8.752 GC heap after
{Heap after GC invocations=38 (full 0):
 garbage-first heap   total 209920K, used 76654K [0x0000000080000000, 0x0000000100000000)
  region size 1024K, 3 young (3072K), 3 survivors (3072K)
 Metaspace       used 69814K, committed 70528K, reserved 1114112K
  class space    used 9835K, committed 10176K, reserved 1048576K
}
Event: 8.818 GC heap before
{Heap before GC invocations=38 (full 0):
 garbage-first heap   total 209920K, used 97134K [0x0000000080000000, 0x0000000100000000)
  region size 1024K, 4 young (4096K), 3 survivors (3072K)
 Metaspace       used 69818K, committed 70528K, reserved 1114112K
  class space    used 9835K, committed 10176K, reserved 1048576K
}
Event: 8.819 GC heap after
{Heap after GC invocations=39 (full 0):
 garbage-first heap   total 209920K, used 76652K [0x0000000080000000, 0x0000000100000000)
  region size 1024K, 3 young (3072K), 3 survivors (3072K)
 Metaspace       used 69818K, committed 70528K, reserved 1114112K
  class space    used 9835K, committed 10176K, reserved 1048576K
}
Event: 8.898 GC heap before
{Heap before GC invocations=39 (full 0):
 garbage-first heap   total 209920K, used 96108K [0x0000000080000000, 0x0000000100000000)
  region size 1024K, 4 young (4096K), 3 survivors (3072K)
 Metaspace       used 69819K, committed 70528K, reserved 1114112K
  class space    used 9835K, committed 10176K, reserved 1048576K
}
Event: 8.899 GC heap after
{Heap after GC invocations=40 (full 0):
 garbage-first heap   total 290816K, used 76652K [0x0000000080000000, 0x0000000100000000)
  region size 1024K, 3 young (3072K), 3 survivors (3072K)
 Metaspace       used 69819K, committed 70528K, reserved 1114112K
  class space    used 9835K, committed 10176K, reserved 1048576K
}
Event: 10.077 GC heap before
{Heap before GC invocations=40 (full 0):
 garbage-first heap   total 290816K, used 139116K [0x0000000080000000, 0x0000000100000000)
  region size 1024K, 14 young (14336K), 3 survivors (3072K)
 Metaspace       used 70013K, committed 70784K, reserved 1114112K
  class space    used 9863K, committed 10240K, reserved 1048576K
}
Event: 10.079 GC heap after
{Heap after GC invocations=41 (full 0):
 garbage-first heap   total 290816K, used 76843K [0x0000000080000000, 0x0000000100000000)
  region size 1024K, 3 young (3072K), 3 survivors (3072K)
 Metaspace       used 70013K, committed 70784K, reserved 1114112K
  class space    used 9863K, committed 10240K, reserved 1048576K
}
Event: 10.295 GC heap before
{Heap before GC invocations=41 (full 0):
 garbage-first heap   total 290816K, used 130091K [0x0000000080000000, 0x0000000100000000)
  region size 1024K, 18 young (18432K), 3 survivors (3072K)
 Metaspace       used 70210K, committed 70976K, reserved 1114112K
  class space    used 9863K, committed 10240K, reserved 1048576K
}
Event: 10.298 GC heap after
{Heap after GC invocations=42 (full 0):
 garbage-first heap   total 290816K, used 88987K [0x0000000080000000, 0x0000000100000000)
  region size 1024K, 7 young (7168K), 7 survivors (7168K)
 Metaspace       used 70210K, committed 70976K, reserved 1114112K
  class space    used 9863K, committed 10240K, reserved 1048576K
}
Event: 10.303 GC heap before
{Heap before GC invocations=42 (full 0):
 garbage-first heap   total 290816K, used 125851K [0x0000000080000000, 0x0000000100000000)
  region size 1024K, 13 young (13312K), 7 survivors (7168K)
 Metaspace       used 70211K, committed 70976K, reserved 1114112K
  class space    used 9863K, committed 10240K, reserved 1048576K
}
Event: 10.304 GC heap after
{Heap after GC invocations=43 (full 0):
 garbage-first heap   total 290816K, used 119223K [0x0000000080000000, 0x0000000100000000)
  region size 1024K, 4 young (4096K), 4 survivors (4096K)
 Metaspace       used 70211K, committed 70976K, reserved 1114112K
  class space    used 9863K, committed 10240K, reserved 1048576K
}
Event: 10.318 GC heap before
{Heap before GC invocations=43 (full 0):
 garbage-first heap   total 290816K, used 172471K [0x0000000080000000, 0x0000000100000000)
  region size 1024K, 7 young (7168K), 4 survivors (4096K)
 Metaspace       used 70211K, committed 70976K, reserved 1114112K
  class space    used 9863K, committed 10240K, reserved 1048576K
}
Event: 10.320 GC heap after
{Heap after GC invocations=44 (full 0):
 garbage-first heap   total 290816K, used 170260K [0x0000000080000000, 0x0000000100000000)
  region size 1024K, 3 young (3072K), 3 survivors (3072K)
 Metaspace       used 70211K, committed 70976K, reserved 1114112K
  class space    used 9863K, committed 10240K, reserved 1048576K
}
Event: 10.921 GC heap before
{Heap before GC invocations=45 (full 0):
 garbage-first heap   total 352256K, used 281876K [0x0000000080000000, 0x0000000100000000)
  region size 1024K, 78 young (79872K), 3 survivors (3072K)
 Metaspace       used 70614K, committed 71296K, reserved 1114112K
  class space    used 9914K, committed 10240K, reserved 1048576K
}
Event: 10.926 GC heap after
{Heap after GC invocations=46 (full 0):
 garbage-first heap   total 352256K, used 84836K [0x0000000080000000, 0x0000000100000000)
  region size 1024K, 10 young (10240K), 10 survivors (10240K)
 Metaspace       used 70614K, committed 71296K, reserved 1114112K
  class space    used 9914K, committed 10240K, reserved 1048576K
}
Event: 10.952 GC heap before
{Heap before GC invocations=46 (full 0):
 garbage-first heap   total 352256K, used 92004K [0x0000000080000000, 0x0000000100000000)
  region size 1024K, 17 young (17408K), 10 survivors (10240K)
 Metaspace       used 70614K, committed 71296K, reserved 1114112K
  class space    used 9914K, committed 10240K, reserved 1048576K
}
Event: 10.955 GC heap after
{Heap after GC invocations=47 (full 0):
 garbage-first heap   total 352256K, used 86205K [0x0000000080000000, 0x0000000100000000)
  region size 1024K, 2 young (2048K), 2 survivors (2048K)
 Metaspace       used 70614K, committed 71296K, reserved 1114112K
  class space    used 9914K, committed 10240K, reserved 1048576K
}
Event: 11.942 GC heap before
{Heap before GC invocations=47 (full 0):
 garbage-first heap   total 352256K, used 253117K [0x0000000080000000, 0x0000000100000000)
  region size 1024K, 167 young (171008K), 2 survivors (2048K)
 Metaspace       used 70809K, committed 71552K, reserved 1114112K
  class space    used 9935K, committed 10304K, reserved 1048576K
}
Event: 11.946 GC heap after
{Heap after GC invocations=48 (full 0):
 garbage-first heap   total 352256K, used 92614K [0x0000000080000000, 0x0000000100000000)
  region size 1024K, 8 young (8192K), 8 survivors (8192K)
 Metaspace       used 70809K, committed 71552K, reserved 1114112K
  class space    used 9935K, committed 10304K, reserved 1048576K
}

Dll operation events (15 events):
Event: 0.009 Loaded shared library C:\Users\YanFl\.jdks\temurin-17.0.17\bin\java.dll
Event: 0.020 Loaded shared library C:\Users\YanFl\.jdks\temurin-17.0.17\bin\jsvml.dll
Event: 0.056 Loaded shared library C:\Users\YanFl\.jdks\temurin-17.0.17\bin\zip.dll
Event: 0.060 Loaded shared library C:\Users\YanFl\.jdks\temurin-17.0.17\bin\instrument.dll
Event: 0.064 Loaded shared library C:\Users\YanFl\.jdks\temurin-17.0.17\bin\net.dll
Event: 0.067 Loaded shared library C:\Users\YanFl\.jdks\temurin-17.0.17\bin\nio.dll
Event: 0.070 Loaded shared library C:\Users\YanFl\.jdks\temurin-17.0.17\bin\zip.dll
Event: 0.233 Loaded shared library C:\Users\YanFl\.jdks\temurin-17.0.17\bin\jimage.dll
Event: 0.294 Loaded shared library C:\Users\YanFl\.jdks\temurin-17.0.17\bin\verify.dll
Event: 0.395 Loaded shared library C:\Users\YanFl\native\c067742578af261105cb4f569cf0c3c89f3d7b1fecec35dd04571415982c5e48\windows-amd64\native-platform.dll
Event: 0.410 Loaded shared library C:\Users\YanFl\native\100fb08df4bc3b14c8652ba06237920a3bd2aa13389f12d3474272988ae205f9\windows-amd64\native-platform-file-events.dll
Event: 1.000 Loaded shared library C:\Users\YanFl\.jdks\temurin-17.0.17\bin\management.dll
Event: 1.003 Loaded shared library C:\Users\YanFl\.jdks\temurin-17.0.17\bin\management_ext.dll
Event: 1.158 Loaded shared library C:\Users\YanFl\.jdks\temurin-17.0.17\bin\extnet.dll
Event: 1.292 Loaded shared library C:\Users\YanFl\.jdks\temurin-17.0.17\bin\sunmscapi.dll

Deoptimization events (20 events):
Event: 12.053 Thread 0x000000006d832250 DEOPT PACKING pc=0x0000000012ba8bc4 sp=0x000000007c32a7b0
Event: 12.053 Thread 0x000000006d832250 DEOPT UNPACKING pc=0x00000000120269a3 sp=0x000000007c32a788 mode 2
Event: 12.053 Thread 0x000000006d832250 Uncommon trap: trap_request=0xffffffde fr.pc=0x0000000012ba8bb0 relative=0x0000000000001c50
Event: 12.053 Thread 0x000000006d832250 Uncommon trap: reason=class_check action=maybe_recompile pc=0x0000000012ba8bb0 method=org.gradle.api.internal.file.CompositeFileCollection$$Lambda$1886/0x00000000239efa08.accept(Ljava/lang/Object;)V @ 5 c2
Event: 12.053 Thread 0x000000006d832250 DEOPT PACKING pc=0x0000000012ba8bb0 sp=0x000000007c32a900
Event: 12.053 Thread 0x000000006d832250 DEOPT UNPACKING pc=0x00000000120269a3 sp=0x000000007c32a868 mode 2
Event: 12.053 Thread 0x000000006d832250 Uncommon trap: trap_request=0xffffffde fr.pc=0x0000000012ba8bb0 relative=0x0000000000001c50
Event: 12.053 Thread 0x000000006d832250 Uncommon trap: reason=class_check action=maybe_recompile pc=0x0000000012ba8bb0 method=org.gradle.api.internal.file.CompositeFileCollection$$Lambda$1886/0x00000000239efa08.accept(Ljava/lang/Object;)V @ 5 c2
Event: 12.053 Thread 0x000000006d832250 DEOPT PACKING pc=0x0000000012ba8bb0 sp=0x000000007c32a890
Event: 12.053 Thread 0x000000006d832250 DEOPT UNPACKING pc=0x00000000120269a3 sp=0x000000007c32a7f8 mode 2
Event: 12.053 Thread 0x000000006d832250 Uncommon trap: trap_request=0xffffffde fr.pc=0x0000000012ba8bb0 relative=0x0000000000001c50
Event: 12.053 Thread 0x000000006d832250 Uncommon trap: reason=class_check action=maybe_recompile pc=0x0000000012ba8bb0 method=org.gradle.api.internal.file.CompositeFileCollection$$Lambda$1886/0x00000000239efa08.accept(Ljava/lang/Object;)V @ 5 c2
Event: 12.053 Thread 0x000000006d832250 DEOPT PACKING pc=0x0000000012ba8bb0 sp=0x000000007c32a6e0
Event: 12.053 Thread 0x000000006d832250 DEOPT UNPACKING pc=0x00000000120269a3 sp=0x000000007c32a648 mode 2
Event: 16.107 Thread 0x000000006d82e590 DEOPT PACKING pc=0x000000000bbd249e sp=0x000000007c12ef30
Event: 16.107 Thread 0x000000006d82e590 DEOPT UNPACKING pc=0x0000000012027143 sp=0x000000007c12e420 mode 0
Event: 44.318 Thread 0x000000006d82e590 Uncommon trap: trap_request=0xffffff45 fr.pc=0x0000000012c12190 relative=0x0000000000002390
Event: 44.318 Thread 0x000000006d82e590 Uncommon trap: reason=unstable_if action=reinterpret pc=0x0000000012c12190 method=org.gradle.internal.logging.text.AbstractLineChoppingStyledTextOutput$2.execute(Lorg/gradle/internal/logging/text/AbstractLineChoppingStyledTextOutput$StateContext;)V @ 34 c
Event: 44.318 Thread 0x000000006d82e590 DEOPT PACKING pc=0x0000000012c12190 sp=0x000000007c12e580
Event: 44.318 Thread 0x000000006d82e590 DEOPT UNPACKING pc=0x00000000120269a3 sp=0x000000007c12e408 mode 2

Classes loaded (20 events):
Event: 9.961 Loading class sun/security/ssl/Alert$AlertConsumer
Event: 9.961 Loading class sun/security/ssl/Alert$AlertConsumer done
Event: 9.961 Loading class sun/security/ssl/Alert$Level
Event: 9.962 Loading class sun/security/ssl/Alert$Level done
Event: 9.976 Loading class java/net/SocketTimeoutException
Event: 9.976 Loading class java/net/SocketTimeoutException done
Event: 11.264 Loading class java/util/concurrent/LinkedBlockingDeque$Itr
Event: 11.264 Loading class java/util/concurrent/LinkedBlockingDeque$AbstractItr
Event: 11.265 Loading class java/util/concurrent/LinkedBlockingDeque$AbstractItr done
Event: 11.265 Loading class java/util/concurrent/LinkedBlockingDeque$Itr done
Event: 12.048 Loading class java/util/CollectionsBeanInfo
Event: 12.048 Loading class java/util/CollectionsBeanInfo done
Event: 12.048 Loading class java/util/CollectionsBeanInfo
Event: 12.048 Loading class java/util/CollectionsBeanInfo done
Event: 12.048 Loading class java/util/CollectionsCustomizer
Event: 12.048 Loading class java/util/CollectionsCustomizer done
Event: 12.048 Loading class java/util/CollectionsCustomizer
Event: 12.048 Loading class java/util/CollectionsCustomizer done
Event: 38.427 Loading class java/time/Instant$1
Event: 38.427 Loading class java/time/Instant$1 done

Classes unloaded (1 events):
Event: 10.371 Thread 0x0000000021b7b680 Unloading class 0x0000000023919400 'java/lang/invoke/LambdaForm$DMH+0x0000000023919400'

Classes redefined (0 events):
No events

Internal exceptions (20 events):
Event: 8.437 Thread 0x000000006d82eaa0 Exception <a 'java/lang/NoSuchMethodError'{0x0000000086b079a0}: 'void java.lang.invoke.DirectMethodHandle$Holder.invokeInterface(java.lang.Object, java.lang.Object, java.lang.Object, java.lang.Object)'> (0x0000000086b079a0) 
thrown [s\src\hotspot\share\interpreter\linkResolver.cpp, line 759]
Event: 8.465 Thread 0x000000006a149fd0 Exception <a 'java/lang/NoSuchMethodError'{0x00000000869947f8}: static Lorg/gradle/internal/build/event/types/DefaultTaskStartedProgressEvent;.<clinit>()V> (0x00000000869947f8) 
thrown [s\src\hotspot\share\prims\jni.cpp, line 1112]
Event: 8.465 Thread 0x000000006a149fd0 Exception <a 'java/lang/NoSuchMethodError'{0x00000000869976d0}: static Lorg/gradle/internal/build/event/types/AbstractProgressEvent;.<clinit>()V> (0x00000000869976d0) 
thrown [s\src\hotspot\share\prims\jni.cpp, line 1112]
Event: 8.466 Thread 0x000000006a149fd0 Exception <a 'java/lang/NoSuchMethodError'{0x00000000869a4b98}: static Lorg/gradle/internal/build/event/types/DefaultTaskDescriptor;.<clinit>()V> (0x00000000869a4b98) 
thrown [s\src\hotspot\share\prims\jni.cpp, line 1112]
Event: 8.467 Thread 0x000000006a149fd0 Exception <a 'java/lang/NoSuchMethodError'{0x00000000868028d8}: static Lorg/gradle/internal/operations/OperationIdentifier;.<clinit>()V> (0x00000000868028d8) 
thrown [s\src\hotspot\share\prims\jni.cpp, line 1112]
Event: 8.467 Thread 0x000000006a149fd0 Exception <a 'java/lang/NoSuchMethodError'{0x000000008680e6b8}: static Lorg/gradle/internal/build/event/types/DefaultBinaryPluginIdentifier;.<clinit>()V> (0x000000008680e6b8) 
thrown [s\src\hotspot\share\prims\jni.cpp, line 1112]
Event: 8.503 Thread 0x000000006d82eaa0 Exception <a 'java/lang/IncompatibleClassChangeError'{0x00000000868ff220}: Found class java.lang.Object, but interface was expected> (0x00000000868ff220) 
thrown [s\src\hotspot\share\interpreter\linkResolver.cpp, line 826]
Event: 8.538 Thread 0x000000006a149fd0 Exception <a 'java/lang/NoSuchMethodError'{0x000000008ec757a0}: static Lorg/gradle/internal/build/event/types/DefaultTaskFinishedProgressEvent;.<clinit>()V> (0x000000008ec757a0) 
thrown [s\src\hotspot\share\prims\jni.cpp, line 1112]
Event: 8.539 Thread 0x000000006a149fd0 Exception <a 'java/lang/NoSuchMethodError'{0x000000008eb08bd0}: static Lorg/gradle/internal/build/event/types/DefaultTaskSuccessResult;.<clinit>()V> (0x000000008eb08bd0) 
thrown [s\src\hotspot\share\prims\jni.cpp, line 1112]
Event: 8.539 Thread 0x000000006a149fd0 Exception <a 'java/lang/NoSuchMethodError'{0x000000008eb0a190}: static Lorg/gradle/internal/build/event/types/AbstractTaskResult;.<clinit>()V> (0x000000008eb0a190) 
thrown [s\src\hotspot\share\prims\jni.cpp, line 1112]
Event: 8.539 Thread 0x000000006a149fd0 Exception <a 'java/lang/NoSuchMethodError'{0x000000008eb0ba28}: static Lorg/gradle/internal/build/event/types/AbstractResult;.<clinit>()V> (0x000000008eb0ba28) 
thrown [s\src\hotspot\share\prims\jni.cpp, line 1112]
Event: 8.540 Thread 0x000000006a149fd0 Exception <a 'java/lang/NoSuchMethodError'{0x000000008eb4f300}: static [Ljava/lang/Object;.<clinit>()V> (0x000000008eb4f300) 
thrown [s\src\hotspot\share\prims\jni.cpp, line 1112]
Event: 8.550 Thread 0x000000006d82eaa0 Exception <a 'java/lang/NoSuchMethodError'{0x000000008ea5b298}: 'int java.lang.invoke.DirectMethodHandle$Holder.invokeStaticInit(java.lang.Object, java.lang.Object, java.lang.Object, java.lang.Object, java.lang.Object)'> (0x000000008ea5b298) 
thrown [s\src\hotspot\share\interpreter\linkResolver.cpp, line 759]
Event: 8.615 Thread 0x000000006d832250 Exception <a 'java/lang/NoSuchMethodError'{0x0000000089ad3ce8}: static Ljava/lang/Object;.<clinit>()V> (0x0000000089ad3ce8) 
thrown [s\src\hotspot\share\prims\jni.cpp, line 1112]
Event: 10.483 Thread 0x000000006d832250 Implicit null exception at 0x000000001269275c to 0x00000000126927e5
Event: 12.048 Thread 0x000000006d832250 Exception <a 'java/lang/ClassNotFoundException'{0x00000000950fd328}: java/util/CollectionsBeanInfo> (0x00000000950fd328) 
thrown [s\src\hotspot\share\classfile\systemDictionary.cpp, line 256]
Event: 12.048 Thread 0x000000006d832250 Exception <a 'java/lang/ClassNotFoundException'{0x0000000094f8d388}: java/util/CollectionsCustomizer> (0x0000000094f8d388) 
thrown [s\src\hotspot\share\classfile\systemDictionary.cpp, line 256]
Event: 12.049 Thread 0x000000006d832250 Implicit null exception at 0x000000001286e61b to 0x000000001286f384
Event: 12.053 Thread 0x000000006d832250 Exception <a 'java/lang/ClassNotFoundException'{0x0000000094e19088}: com/intellij/openapi/externalSystem/rt/execution/ForkedDebuggerHelperBeanInfo> (0x0000000094e19088) 
thrown [s\src\hotspot\share\classfile\systemDictionary.cpp, line 256]
Event: 12.053 Thread 0x000000006d832250 Exception <a 'java/lang/ClassNotFoundException'{0x0000000094e209a0}: com/intellij/openapi/externalSystem/rt/execution/ForkedDebuggerHelperCustomizer> (0x0000000094e209a0) 
thrown [s\src\hotspot\share\classfile\systemDictionary.cpp, line 256]

VM Operations (20 events):
Event: 21.093 Executing VM operation: Cleanup
Event: 21.093 Executing VM operation: Cleanup done
Event: 22.102 Executing VM operation: Cleanup
Event: 22.102 Executing VM operation: Cleanup done
Event: 27.133 Executing VM operation: Cleanup
Event: 27.133 Executing VM operation: Cleanup done
Event: 30.167 Executing VM operation: Cleanup
Event: 30.167 Executing VM operation: Cleanup done
Event: 31.178 Executing VM operation: Cleanup
Event: 31.178 Executing VM operation: Cleanup done
Event: 32.182 Executing VM operation: Cleanup
Event: 32.182 Executing VM operation: Cleanup done
Event: 33.191 Executing VM operation: Cleanup
Event: 33.191 Executing VM operation: Cleanup done
Event: 34.205 Executing VM operation: Cleanup
Event: 34.205 Executing VM operation: Cleanup done
Event: 37.226 Executing VM operation: Cleanup
Event: 37.226 Executing VM operation: Cleanup done
Event: 38.240 Executing VM operation: Cleanup
Event: 38.240 Executing VM operation: Cleanup done

Memory protections (0 events):
No events

Nmethod flushes (20 events):
Event: 8.351 Thread 0x000000006742d0d0 flushing  nmethod 0x000000000b898e10
Event: 8.351 Thread 0x000000006742d0d0 flushing  nmethod 0x000000000b89ad90
Event: 8.351 Thread 0x000000006742d0d0 flushing  nmethod 0x000000000b89b710
Event: 8.351 Thread 0x000000006742d0d0 flushing  nmethod 0x000000000b89f810
Event: 8.351 Thread 0x000000006742d0d0 flushing  nmethod 0x000000000b8a0d10
Event: 8.351 Thread 0x000000006742d0d0 flushing  nmethod 0x000000000b8a1e90
Event: 8.351 Thread 0x000000006742d0d0 flushing  nmethod 0x000000000b8a5610
Event: 8.351 Thread 0x000000006742d0d0 flushing  nmethod 0x000000000b8a8390
Event: 8.351 Thread 0x000000006742d0d0 flushing  nmethod 0x000000000b8ae190
Event: 8.351 Thread 0x000000006742d0d0 flushing  nmethod 0x000000000b8b0810
Event: 8.351 Thread 0x000000006742d0d0 flushing  nmethod 0x000000000b8c4510
Event: 8.351 Thread 0x000000006742d0d0 flushing  nmethod 0x000000000b8c5010
Event: 8.351 Thread 0x000000006742d0d0 flushing  nmethod 0x000000000b8e2990
Event: 8.351 Thread 0x000000006742d0d0 flushing  nmethod 0x000000000b923d90
Event: 8.352 Thread 0x000000006742d0d0 flushing  nmethod 0x000000000b93ab10
Event: 8.352 Thread 0x000000006742d0d0 flushing  nmethod 0x000000000b93b510
Event: 8.352 Thread 0x000000006742d0d0 flushing  nmethod 0x000000000b97ca10
Event: 8.352 Thread 0x000000006742d0d0 flushing  nmethod 0x000000000b989890
Event: 8.352 Thread 0x000000006742d0d0 flushing  nmethod 0x000000000b9c3110
Event: 11.120 Thread 0x000000006742d0d0 flushing  nmethod 0x000000001288aa10

Events (20 events):
Event: 10.291 Thread 0x000000006d832250 Thread added: 0x00000000690d7690
Event: 10.291 Thread 0x000000006d832250 Thread added: 0x00000000690dc280
Event: 10.291 Thread 0x000000006d832250 Thread added: 0x00000000690d85c0
Event: 10.291 Thread 0x000000006d832250 Thread added: 0x00000000690d8ad0
Event: 10.291 Thread 0x000000006d832250 Thread added: 0x00000000690dae40
Event: 10.291 Thread 0x000000006d832250 Thread added: 0x00000000690d8fe0
Event: 10.291 Thread 0x000000006d832250 Thread added: 0x00000000690d94f0
Event: 10.291 Thread 0x000000006d832250 Thread added: 0x00000000690d9a00
Event: 10.291 Thread 0x000000006d832250 Thread added: 0x00000000690d9f10
Event: 10.291 Thread 0x000000006d832250 Thread added: 0x00000000690ddbd0
Event: 10.322 Thread 0x0000000067420390 Thread added: 0x000000006849a0f0
Event: 10.492 Thread 0x0000000067420390 Thread added: 0x000000006849cb70
Event: 10.511 Thread 0x000000006d832250 Thread added: 0x00000000690da930
Event: 11.881 Thread 0x000000006849cb70 Thread exited: 0x000000006849cb70
Event: 11.933 Thread 0x0000000067420390 Thread added: 0x000000006849cb70
Event: 11.982 Thread 0x000000006d832250 Thread added: 0x00000000690deb00
Event: 11.982 Thread 0x000000006d832250 Thread added: 0x00000000690db860
Event: 13.046 Thread 0x000000006849cb70 Thread exited: 0x000000006849cb70
Event: 13.046 Thread 0x000000006849a0f0 Thread exited: 0x000000006849a0f0
Event: 15.013 Thread 0x00000000704251a0 Thread exited: 0x00000000704251a0


Dynamic libraries:
0x00007ff7babb0000 - 0x00007ff7babbe000 	C:\Users\YanFl\.jdks\temurin-17.0.17\bin\java.exe
0x00007ffb6cff0000 - 0x00007ffb6d1e8000 	C:\windows\SYSTEM32\ntdll.dll
0x00007ffb6cc50000 - 0x00007ffb6cd12000 	C:\windows\System32\KERNEL32.DLL
0x00007ffb6aa10000 - 0x00007ffb6ad06000 	C:\windows\System32\KERNELBASE.dll
0x00007ffb6a680000 - 0x00007ffb6a780000 	C:\windows\System32\ucrtbase.dll
0x00007ffb64b10000 - 0x00007ffb64b2e000 	C:\Users\YanFl\.jdks\temurin-17.0.17\bin\VCRUNTIME140.dll
0x00007ffb64af0000 - 0x00007ffb64b08000 	C:\Users\YanFl\.jdks\temurin-17.0.17\bin\jli.dll
0x00007ffb6c380000 - 0x00007ffb6c521000 	C:\windows\System32\USER32.dll
0x00007ffb50730000 - 0x00007ffb509cb000 	C:\windows\WinSxS\amd64_microsoft.windows.common-controls_6595b64144ccf1df_6.0.19041.6456_none_60b8a6cb71f64256\COMCTL32.dll
0x00007ffb6a780000 - 0x00007ffb6a7a2000 	C:\windows\System32\win32u.dll
0x00007ffb6cdf0000 - 0x00007ffb6ce8e000 	C:\windows\System32\msvcrt.dll
0x00007ffb6bb00000 - 0x00007ffb6bb2b000 	C:\windows\System32\GDI32.dll
0x00007ffb6ad60000 - 0x00007ffb6ae79000 	C:\windows\System32\gdi32full.dll
0x00007ffb6a970000 - 0x00007ffb6aa0d000 	C:\windows\System32\msvcp_win.dll
0x00007ffb6c850000 - 0x00007ffb6c87f000 	C:\windows\System32\IMM32.DLL
0x00007ffb66450000 - 0x00007ffb6645c000 	C:\Users\YanFl\.jdks\temurin-17.0.17\bin\vcruntime140_1.dll
0x00007ffb44ea0000 - 0x00007ffb44f2d000 	C:\Users\YanFl\.jdks\temurin-17.0.17\bin\msvcp140.dll
0x00007ffb10a00000 - 0x00007ffb1166b000 	C:\Users\YanFl\.jdks\temurin-17.0.17\bin\server\jvm.dll
0x00007ffb6b010000 - 0x00007ffb6b0c1000 	C:\windows\System32\ADVAPI32.dll
0x00007ffb6b560000 - 0x00007ffb6b5ff000 	C:\windows\System32\sechost.dll
0x00007ffb6c530000 - 0x00007ffb6c650000 	C:\windows\System32\RPCRT4.dll
0x00007ffb6ae80000 - 0x00007ffb6aea7000 	C:\windows\System32\bcrypt.dll
0x00007ffb6c8a0000 - 0x00007ffb6c90b000 	C:\windows\System32\WS2_32.dll
0x00007ffb6a4e0000 - 0x00007ffb6a52b000 	C:\windows\SYSTEM32\POWRPROF.dll
0x00007ffb63730000 - 0x00007ffb6373a000 	C:\windows\SYSTEM32\VERSION.dll
0x00007ffb5a590000 - 0x00007ffb5a5b7000 	C:\windows\SYSTEM32\WINMM.dll
0x00007ffb6a4c0000 - 0x00007ffb6a4d2000 	C:\windows\SYSTEM32\UMPDC.dll
0x00007ffb68510000 - 0x00007ffb68522000 	C:\windows\SYSTEM32\kernel.appcore.dll
0x00007ffb64ae0000 - 0x00007ffb64aea000 	C:\Users\YanFl\.jdks\temurin-17.0.17\bin\jimage.dll
0x00007ffb62320000 - 0x00007ffb62521000 	C:\windows\SYSTEM32\DBGHELP.DLL
0x00007ffb45300000 - 0x00007ffb45334000 	C:\windows\SYSTEM32\dbgcore.DLL
0x00007ffb6a8e0000 - 0x00007ffb6a962000 	C:\windows\System32\bcryptPrimitives.dll
0x00007ffb64a90000 - 0x00007ffb64a9e000 	C:\Users\YanFl\.jdks\temurin-17.0.17\bin\instrument.dll
0x00007ffb649d0000 - 0x00007ffb649f5000 	C:\Users\YanFl\.jdks\temurin-17.0.17\bin\java.dll
0x00007ffb39870000 - 0x00007ffb39947000 	C:\Users\YanFl\.jdks\temurin-17.0.17\bin\jsvml.dll
0x00007ffb6bb30000 - 0x00007ffb6c2a0000 	C:\windows\System32\SHELL32.dll
0x00007ffb68710000 - 0x00007ffb68eb5000 	C:\windows\SYSTEM32\windows.storage.dll
0x00007ffb6b190000 - 0x00007ffb6b4e4000 	C:\windows\System32\combase.dll
0x00007ffb69fd0000 - 0x00007ffb69ffb000 	C:\windows\SYSTEM32\Wldp.dll
0x00007ffb6cd20000 - 0x00007ffb6cded000 	C:\windows\System32\OLEAUT32.dll
0x00007ffb6b0d0000 - 0x00007ffb6b17d000 	C:\windows\System32\SHCORE.dll
0x00007ffb6cf50000 - 0x00007ffb6cfab000 	C:\windows\System32\shlwapi.dll
0x00007ffb6a5b0000 - 0x00007ffb6a5d4000 	C:\windows\SYSTEM32\profapi.dll
0x00007ffb649b0000 - 0x00007ffb649c8000 	C:\Users\YanFl\.jdks\temurin-17.0.17\bin\zip.dll
0x00007ffb4ad70000 - 0x00007ffb4ad8a000 	C:\Users\YanFl\.jdks\temurin-17.0.17\bin\net.dll
0x00007ffb63ab0000 - 0x00007ffb63bba000 	C:\windows\SYSTEM32\WINHTTP.dll
0x00007ffb69d30000 - 0x00007ffb69d9a000 	C:\windows\system32\mswsock.dll
0x00007ffb4ad50000 - 0x00007ffb4ad66000 	C:\Users\YanFl\.jdks\temurin-17.0.17\bin\nio.dll
0x00007ffb637d0000 - 0x00007ffb637e0000 	C:\Users\YanFl\.jdks\temurin-17.0.17\bin\verify.dll
0x00007ffb56830000 - 0x00007ffb56857000 	C:\Users\YanFl\native\c067742578af261105cb4f569cf0c3c89f3d7b1fecec35dd04571415982c5e48\windows-amd64\native-platform.dll
0x00007ffb36860000 - 0x00007ffb369a4000 	C:\Users\YanFl\native\100fb08df4bc3b14c8652ba06237920a3bd2aa13389f12d3474272988ae205f9\windows-amd64\native-platform-file-events.dll
0x00007ffb56860000 - 0x00007ffb5686a000 	C:\Users\YanFl\.jdks\temurin-17.0.17\bin\management.dll
0x00007ffb50600000 - 0x00007ffb5060c000 	C:\Users\YanFl\.jdks\temurin-17.0.17\bin\management_ext.dll
0x00007ffb6b180000 - 0x00007ffb6b188000 	C:\windows\System32\PSAPI.DLL
0x00007ffb69f30000 - 0x00007ffb69f48000 	C:\windows\SYSTEM32\CRYPTSP.dll
0x00007ffb69650000 - 0x00007ffb69688000 	C:\windows\system32\rsaenh.dll
0x00007ffb6a530000 - 0x00007ffb6a55e000 	C:\windows\SYSTEM32\USERENV.dll
0x00007ffb69f20000 - 0x00007ffb69f2c000 	C:\windows\SYSTEM32\CRYPTBASE.dll
0x00007ffb69a10000 - 0x00007ffb69a4b000 	C:\windows\SYSTEM32\IPHLPAPI.DLL
0x00007ffb6ce90000 - 0x00007ffb6ce98000 	C:\windows\System32\NSI.dll
0x00007ffb644f0000 - 0x00007ffb64507000 	C:\windows\SYSTEM32\dhcpcsvc6.DLL
0x00007ffb64dc0000 - 0x00007ffb64ddd000 	C:\windows\SYSTEM32\dhcpcsvc.DLL
0x00007ffb69a50000 - 0x00007ffb69b1a000 	C:\windows\SYSTEM32\DNSAPI.dll
0x00007ffb4f450000 - 0x00007ffb4f459000 	C:\Users\YanFl\.jdks\temurin-17.0.17\bin\extnet.dll
0x00007ffb4f2f0000 - 0x00007ffb4f2fe000 	C:\Users\YanFl\.jdks\temurin-17.0.17\bin\sunmscapi.dll
0x00007ffb6aeb0000 - 0x00007ffb6b00d000 	C:\windows\System32\CRYPT32.dll
0x00007ffb6a040000 - 0x00007ffb6a067000 	C:\windows\SYSTEM32\ncrypt.dll
0x00007ffb6a000000 - 0x00007ffb6a03b000 	C:\windows\SYSTEM32\NTASN1.dll
0x00007ffb48770000 - 0x00007ffb48777000 	C:\windows\system32\wshunix.dll
0x00007ffb4df00000 - 0x00007ffb4df0a000 	C:\Windows\System32\rasadhlp.dll
0x00007ffb4ee20000 - 0x00007ffb4eea0000 	C:\windows\System32\fwpuclnt.dll

dbghelp: loaded successfully - version: 4.0.5 - missing functions: none
symbol engine: initialized successfully - sym options: 0x614 - pdb path: .;C:\Users\YanFl\.jdks\temurin-17.0.17\bin;C:\windows\SYSTEM32;C:\windows\WinSxS\amd64_microsoft.windows.common-controls_6595b64144ccf1df_6.0.19041.6456_none_60b8a6cb71f64256;C:\Users\YanFl\.jdks\temurin-17.0.17\bin\server;C:\Users\YanFl\native\c067742578af261105cb4f569cf0c3c89f3d7b1fecec35dd04571415982c5e48\windows-amd64;C:\Users\YanFl\native\100fb08df4bc3b14c8652ba06237920a3bd2aa13389f12d3474272988ae205f9\windows-amd64

VM Arguments:
jvm_args: --add-opens=java.base/java.util=ALL-UNNAMED --add-opens=java.base/java.lang=ALL-UNNAMED --add-opens=java.base/java.lang.invoke=ALL-UNNAMED --add-opens=java.prefs/java.util.prefs=ALL-UNNAMED --add-opens=java.base/java.nio.charset=ALL-UNNAMED --add-opens=java.base/java.net=ALL-UNNAMED --add-opens=java.base/java.util.concurrent.atomic=ALL-UNNAMED -Xmx3G -Dfile.encoding=UTF-8 -Duser.country=RU -Duser.language=ru -Duser.variant -javaagent:C:\Users\YanFl\wrapper\dists\gradle-8.8-bin\dl7vupf4psengwqhwktix4v1\gradle-8.8\lib\agents\gradle-instrumentation-agent-8.8.jar -Xmx2048M 
java_command: org.gradle.launcher.daemon.bootstrap.GradleDaemon 8.8
java_class_path (initial): C:\Users\YanFl\wrapper\dists\gradle-8.8-bin\dl7vupf4psengwqhwktix4v1\gradle-8.8\lib\gradle-launcher-8.8.jar
Launcher Type: SUN_STANDARD

[Global flags]
     intx CICompilerCount                          = 4                                         {product} {ergonomic}
     uint ConcGCThreads                            = 3                                         {product} {ergonomic}
     uint G1ConcRefinementThreads                  = 10                                        {product} {ergonomic}
   size_t G1HeapRegionSize                         = 1048576                                   {product} {ergonomic}
    uintx GCDrainStackTargetSize                   = 64                                        {product} {ergonomic}
   size_t InitialHeapSize                          = 268435456                                 {product} {ergonomic}
   size_t MarkStackSize                            = 4194304                                   {product} {ergonomic}
   size_t MaxHeapSize                              = 2147483648                                {product} {command line}
   size_t MaxNewSize                               = 1287651328                                {product} {ergonomic}
   size_t MinHeapDeltaBytes                        = 1048576                                   {product} {ergonomic}
   size_t MinHeapSize                              = 8388608                                   {product} {ergonomic}
    uintx NonNMethodCodeHeapSize                   = 5839372                                {pd product} {ergonomic}
    uintx NonProfiledCodeHeapSize                  = 122909434                              {pd product} {ergonomic}
    uintx ProfiledCodeHeapSize                     = 122909434                              {pd product} {ergonomic}
    uintx ReservedCodeCacheSize                    = 251658240                              {pd product} {ergonomic}
     bool SegmentedCodeCache                       = true                                      {product} {ergonomic}
   size_t SoftMaxHeapSize                          = 2147483648                             {manageable} {ergonomic}
     bool UseCompressedClassPointers               = true                           {product lp64_product} {ergonomic}
     bool UseCompressedOops                        = true                           {product lp64_product} {ergonomic}
     bool UseG1GC                                  = true                                      {product} {ergonomic}
     bool UseLargePagesIndividualAllocation        = false                                  {pd product} {ergonomic}

Logging:
Log output configuration:
 #0: stdout all=warning uptime,level,tags
 #1: stderr all=off uptime,level,tags

Environment Variables:
_JAVA_OPTIONS=-Xmx2048M
PATH=C:\Program Files\Common Files\Oracle\Java\javapath;C:\Program Files (x86)\Common Files\Oracle\Java\javapath;C:\windows\system32;C:\windows;C:\windows\System32\Wbem;C:\windows\System32\WindowsPowerShell\v1.0\;C:\windows\System32\OpenSSH\;C:\Program Files (x86)\NVIDIA Corporation\PhysX\Common;C:\Program Files\dotnet\;C:\Program Files\NVIDIA Corporation\NVIDIA app\NvDLISR;C:\Program Files\Git\cmd;C:\Users\YanFl\AppData\Local\Programs\Python\Python312\Scripts\;C:\Users\YanFl\AppData\Local\Programs\Python\Python312\;C:\Users\YanFl\AppData\Local\Programs\Python\Launcher\;C:\Users\YanFl\AppData\Local\Microsoft\WindowsApps;C:\Program Files\JetBrains\IntelliJ IDEA 2023.1.3\bin;;C:\Users\YanFl\AppData\Local\GitHubDesktop\bin;C:\Users\YanFl\AppData\Local\Programs\Microsoft VS Code\bin;C:\Users\YanFl\AppData\Local\Programs\Ollama
USERNAME=YanFl
OS=Windows_NT
PROCESSOR_IDENTIFIER=AMD64 Family 25 Model 33 Stepping 2, AuthenticAMD
TMP=C:\Users\YanFl\AppData\Local\Temp
TEMP=C:\Users\YanFl\AppData\Local\Temp



Periodic native trim disabled


---------------  S Y S T E M  ---------------

OS:
 Windows 10 , 64 bit Build 19041 (10.0.19041.5915)
OS uptime: 5 days 10:30 hours

CPU: total 12 (initial active 12) (12 cores per cpu, 2 threads per core) family 25 model 33 stepping 2 microcode 0x0, cx8, cmov, fxsr, ht, mmx, 3dnowpref, sse, sse2, sse3, ssse3, sse4a, sse4.1, sse4.2, popcnt, lzcnt, tsc, tscinvbit, avx, avx2, aes, erms, clmul, bmi1, bmi2, adx, sha, fma, vzeroupper, clflush, clflushopt
Processor Information for all 12 processors :
  Max Mhz: 3701, Current Mhz: 3701, Mhz Limit: 3701

Memory: 4k page, system-wide physical 16309M (703M free)
TotalPageFile size 28309M (AvailPageFile size 0M)
current process WorkingSet (physical memory assigned to process): 734M, peak: 779M
current process commit charge ("private bytes"): 784M, peak: 833M

vm_info: OpenJDK 64-Bit Server VM (17.0.17+10) for windows-amd64 JRE (17.0.17+10), built on Oct 21 2025 23:25:32 by "admin" with unknown MS VC++:1942

END.
